Name,Term,ES,NES,NOM p-val,FDR q-val,FWER p-val,Tag %,Gene %,Lead_genes
prerank,Electron Transport Chain OXPHOS System In Mitochondria WP111,-0.708966723799383,-2.484579049955599,0.0,0.0,0.0,39/68,14.35%,COX7B;NDUFB2;NDUFA4;UQCR10;NDUFB3;COX6A1;COX7A2;NDUFS5;NDUFS6;COX17;NDUFB5;NDUFA6;COX8A;COX6C;NDUFS7;COX6B1;COX5B;NDUFAB1;SLC25A5;NDUFB1;COX7C;NDUFV2;NDUFA9;NDUFA1;NDUFA5;NDUFA2;NDUFB10;NDUFS8;UQCRQ;NDUFB6;NDUFA12;UQCRH;SDHD;COX5A;NDUFB4;NDUFA13;COX7A2L;NDUFS4;NDUFB9
prerank,Mitochondrial Complex I Assembly Model OXPHOS System WP4324,-0.7214362007961613,-2.299566185627523,0.0,0.0,0.0,24/40,14.35%,NDUFB2;NDUFB3;NDUFS5;NDUFS6;NDUFB5;NDUFA6;TMEM70;NDUFAB1;NDUFB1;NDUFV2;NDUFB11;NDUFA1;NDUFA5;NDUFAF4;NDUFA2;NDUFB10;NDUFB6;NDUFA12;NDUFAF1;NDUFB4;NDUFA13;NDUFAF2;NDUFS4;NDUFB9
prerank,Mitochondrial Complex IV Assembly WP4922,-0.7987956668941623,-2.296580629094619,0.0,0.0,0.0,15/26,11.84%,COX7B;NDUFA4;COX6A1;COX7A2;HIGD1A;COX17;COX8A;COX6C;COX6B1;COX20;COX5B;COX7C;COX14;CMC1;COX5A
prerank,Oxidative Phosphorylation WP623,-0.7152876127642981,-2.2134417828781165,0.0,0.0,0.0,22/35,15.83%,NDUFB2;NDUFA4;NDUFS5;NDUFS6;NDUFB5;NDUFA6;NDUFS7;NDUFAB1;NDUFB1;NDUFV2;NDUFA9;NDUFA5;ATP6AP2;NDUFA2;NDUFB10;NDUFS8;NDUFB6;NDUFB4;NDUFS4;GZMB;NDUFB9;NDUFB8
prerank,Zinc Homeostasis WP3529,-0.7791649648326839,-2.1444179541214443,0.0,0.00012245761296714796,0.001,8/20,4.00%,MT1H;MT1X;MT1M;MT1G;MT2A;MT1F;MT1E;SLC39A14
prerank,IL 4 Signaling Pathway WP395,0.6780077017180389,2.140131346050685,0.0,0.0,0.0,19/43,12.69%,STAT3;JAK3;MAPK14;IRS2;FLNA;STAT5B;PTPN6;INPP5D;PIK3CD;GAB2;EP300;MAPK3;SOS1;JAK2;IL4R;STAT5A;FES;STAT6;PIK3R1
prerank,Cytoplasmic Ribosomal Proteins WP477,-0.5742329971213432,-2.0728816499570533,0.0,0.00030614403241786993,0.003,50/84,28.84%,RPL39;RPL35;RPS27;RPL36;RPS28;RPS19;RPL34;RPS15;RPS18;RPL37;FAU;RPL23A;RPLP2;RPL11;RPS24;RPS5;RPS29;RPS25;RPSA;RPL8;RPL24;RPS7;UBA52;RPS12;RPL14;RPL10;RPS27A;RPL30;RPS8;RPS15A;RPL32;RPLP1;RPL21;RPL28;RPS13;RPL18A;RPL22;RPS26;RPS23;RPL35A;RPL10A;RPL29;RPL12;RPS3A;RPL41;RPS16;RPL9;RPL27;RPS21;RPS6
prerank,Nonalcoholic Fatty Liver Disease WP4396,-0.5414712500012897,-2.0594434462996247,0.0,0.0002624091706438885,0.003,46/121,14.93%,COX7B;CYCS;NDUFB2;NDUFA4;UQCR10;NDUFB3;COX6A1;COX7A2;NDUFS5;NDUFS6;NDUFB5;NDUFA6;COX8A;COX6C;NDUFS7;COX6B1;CDC42;COX5B;NDUFAB1;NDUFB1;COX7C;NDUFV2;CCL2;NDUFB11;NDUFA9;NDUFA1;NDUFA5;NDUFA2;NDUFB10;BID;NDUFS8;UQCRQ;BAX;NDUFB6;NDUFA12;UQCRH;SDHD;COX5A;NDUFB4;CYC1;NDUFA13;COX7A2L;NDUFS4;NDUFB9;XBP1;IL6
prerank,Kit Receptor Signaling Pathway WP304,0.627699345623635,2.0033811718789285,0.0,0.0027059073910796266,0.004,22/43,16.85%,STAT3;PRKCB;MAPK14;STAT5B;FYN;PTPN6;INPP5D;FOXO3;GAB2;EP300;MAPK3;SOS1;JAK2;STAT5A;VAV1;LYN;PIK3R1;BTK;RPS6KA1;CRK;CRKL;RAF1
prerank,Chemokine Signaling Pathway WP3929,0.538640842603098,1.9975120681686738,0.0,0.002254922825899689,0.005,41/97,17.71%,CX3CR1;STAT3;PRKCB;FGR;ROCK2;JAK3;CCR1;PLCB2;STAT5B;AKT3;AKT2;GNAI3;PXN;HCK;CXCL12;FOXO3;PIK3CD;CCR2;MAPK3;SOS1;JAK2;RASGRP2;VAV1;LYN;PTK2B;ARRB2;PIK3R1;GNB4;CSK;CRK;ELMO1;SOS2;GNAI2;RAC2;GRK6;CRKL;RAF1;ADCY7;IKBKB;WAS;PIK3CA
prerank,Interferon Type I Signaling Pathways WP585,0.6317340513014184,1.995512616604442,0.0,0.0027059073910796266,0.008,19/44,16.14%,STAT3;PIAS1;MAPK14;IRS2;MAP3K1;CREB1;FYN;PTPN6;PIK3CD;GAB2;EIF4B;STAT5A;VAV1;PTPRC;PIK3R1;PDCD4;CRK;EIF4A1;CRKL
prerank,PDGFR Beta Pathway WP3972,0.6931743834256728,1.9695412829007959,0.0,0.0037882703475114773,0.014,14/27,17.71%,STAT3;PRKCB;MAP3K1;RASA1;STAT5B;MAPK3;SOS1;JAK2;STAT5A;STAT6;PIK3R1;PDGFRB;RAF1;PIK3CA
prerank,GPCRs Class A Rhodopsin Like WP455,0.6700242101516111,1.963441837430228,0.0,0.0033823842388495335,0.015,10/29,8.42%,CX3CR1;FPR1;HRH2;CCR1;PTAFR;FPR2;FFAR2;C3AR1;CCR2;LTB4R
prerank,IL 5 Signaling Pathway WP127,0.6586726801085765,1.9583595227803323,0.0,0.0032857446891681177,0.017,14/32,16.85%,STAT3;CSF2RB;STAT5B;SYK;FOXO3;MAPK3;SOS1;JAK2;STAT5A;LYN;PIK3R1;BTK;RPS6KA1;RAF1
prerank,IL 2 Signaling Pathway WP49,0.6494801043367413,1.9343042720985213,0.0,0.004227980298561917,0.024,15/32,18.90%,STAT3;JAK3;STAT5B;FYN;SYK;FOXO3;GAB2;MAPK3;SOS1;STAT5A;PTK2B;PIK3R1;CRKL;RAF1;SOCS3
prerank,Photodynamic Therapy Induced Unfolded Protein Response WP3613,-0.7153946002180759,-1.9167311420381408,0.0,0.005204448551103789,0.059,9/20,14.77%,DNAJB11;HSPA5;PDIA6;CALR;HSP90B1;DNAJC3;EDEM1;DNAJB9;XBP1
prerank,Proteasome Degradation WP183,-0.5701433644432141,-1.9054055494974538,0.0,0.005578624590725629,0.07,19/53,16.24%,PSMA3;PSME2;PSMA5;PSMB2;PSMB9;PSME1;PSMA1;PSMA7;PSMD12;UBB;UBC;PSMC3;PSMB6;PSMC4;PSMB1;PSMA4;PSMD10;UCHL3;PSMD11
prerank,Kleefstra Syndrome WP5351,0.6943030160389059,1.903238673305447,0.0019047619047619048,0.007215753042879005,0.042,13/22,13.21%,RXRA;SMARCA2;ARID1B;MBD5;SMARCD3;EHMT1;SMARCC2;KDM6A;NCOA6;SMARCA4;KMT2C;SMARCC1;ARID1A
prerank,Metabolic Epileptic Disorders WP5355,-0.6110899758744816,-1.895517131656941,0.0021551724137931034,0.005633050196488807,0.079,17/38,16.60%,FBP1;ACAT1;SLC2A1;SPCS1;SLC25A5;ECHS1;LDHA;MOCS2;ETHE1;TPI1;MDH1;MDH2;MPC1;MPC2;GLUD1;HK2;ASL
prerank,Microglia Pathogen Phagocytosis Pathway WP3937,0.6205860074760482,1.8860434340048913,0.0,0.008117722173238879,0.054,16/35,17.71%,PLCG2;NCKAP1L;FCGR1A;SYK;PTPN6;HCK;PIK3CD;TREM1;VAV1;LYN;NCF2;ITGAM;ITGB2;PIK3R1;RAC2;PIK3CA
prerank,Energy Metabolism WP1541,0.6323915212034276,1.877443041365515,0.0,0.009593671659282313,0.071,9/31,8.54%,RXRA;UCP2;MAPK14;CREB1;FOXO3;EP300;PPP3CA;SIRT1;NCOA1
prerank,Thymic Stromal Lymphopoietin TSLP Signaling Pathway WP2203,0.6178306529878125,1.8740339925542318,0.0,0.009696168151368662,0.077,13/33,12.77%,STAT3;MAPK14;STAT5B;FYN;HCK;GAB2;MAPK3;JAK2;STAT5A;LYN;FES;STAT6;BTK
prerank,IL 3 Signaling Pathway WP286,0.5889508576997008,1.8583192380326783,0.0,0.010927702925513877,0.094,20/44,16.85%,STAT3;CSF2RB;STAT5B;FYN;SYK;PTPN6;HCK;INPP5D;PIK3CD;GAB2;MAPK3;SOS1;JAK2;STAT5A;VAV1;LYN;PIK3R1;YWHAB;CRKL;RAF1
prerank,Oncostatin M Signaling Pathway WP2374,0.5689705505424405,1.8499315037163868,0.0,0.011306827312725582,0.101,15/48,12.69%,STAT3;EGR1;PRKCB;CDKN1B;JAK3;MAPK14;CREB1;STAT5B;PXN;MAPK3;SOS1;JAK2;JUNB;PTK2B;PIK3R1
prerank,IL 7 Signaling Pathway WP205,0.6969582086991014,1.8327370925223374,0.0018484288354898336,0.013529536955398134,0.125,8/18,12.69%,STAT3;JAK3;STAT5B;FYN;MAPK3;STAT5A;PTK2B;PIK3R1
prerank,Resistin As A Regulator Of Inflammation WP4481,0.6684108136470891,1.8244265952347245,0.0038240917782026767,0.014290573409139279,0.141,7/22,7.52%,PLCG2;MAPK14;PLCB2;AKT3;AKT2;PIK3CD;MAPK3
prerank,Corticotropin Releasing Hormone Signaling Pathway WP2355,0.5389931455822103,1.8235411882789394,0.0,0.013529536955398132,0.142,20/57,19.82%,PLCG2;PRKCB;NCOA2;TLR4;MAPK14;CREB1;MAPK3;CTNNB1;NR4A2;ECE1;JUNB;ARRB2;SP1;GNAI2;FOSL2;GRK6;NR4A1;RAF1;GNB2;GNAQ
prerank,TYROBP Causal Network In Microglia WP3945,0.549813770455427,1.8093518565339672,0.0,0.015408639310314541,0.168,25/54,17.69%,ZFP36L2;BIN2;TNFRSF1B;NCKAP1L;GIMAP2;CD37;KCNE3;DPYD;PPP1R18;IL10RA;HLX;ITGAX;STAT5A;NCF2;ITGAM;ITGB2;LYL1;LHFPL2;TMEM106A;RPS6KA1;SAMSN1;FKBP15;SLC7A7;MAF;C3
prerank,Serotonin HTR1 Group And FOS Pathway WP722,0.6344050499899804,1.8051925289097908,0.0019083969465648854,0.015024906829415824,0.172,15/26,27.54%,STAT3;MAPK14;MAP3K1;CREB1;GNAI3;MAPK3;JAK2;GNAI2;PIK3CA;GNAQ;MAPKAPK3;BRAF;SRF;MAPK1;RPS6KA5
prerank,Phosphoinositides Metabolism WP4971,0.6688483938693989,1.8050660909656264,0.0018796992481203006,0.01427366148794503,0.172,6/20,4.61%,PLCG2;PLCB2;SBF2;INPP5D;MTMR3;PIK3CD
prerank,B Cell Receptor Signaling Pathway WP23,0.5037376859050524,1.8008315643944626,0.0,0.01462478518512084,0.183,26/74,17.24%,PLCG2;PRKCB;MAPK14;PIK3AP1;CREB1;FYN;SYK;PTPN6;INPP5D;GAB2;NFATC3;SOS1;SH3BP2;VAV1;LYN;PTPRC;BCL6;PIK3R1;BTK;RPS6KA1;CRK;NFATC2;RAC2;CRKL;RAF1;IKBKB
prerank,Androgen Receptor Network In Prostate Cancer WP2263,0.5198687093917844,1.780516013881746,0.0,0.01844936857554291,0.23,25/66,19.98%,STAT3;MAPK14;ARID1B;RASA1;SMARCD3;ATM;PXN;TSC2;SMARCC2;FKBP5;MAPK3;SOS1;HGF;SMARCA4;PTK2B;SMARCC1;ARID1A;SP1;CRK;CRKL;RAF1;PIK3CA;ATR;CASP8;RICTOR
prerank,Toll Like Receptor Signaling Related To MyD88 WP3858,0.6424575540693629,1.7771280398182543,0.0,0.018411935074085284,0.239,11/23,17.24%,TLR4;TLR5;TLR8;TLR2;TLR1;TLR6;TLR7;IRF3;MYD88;TBK1;IKBKB
prerank,Role Of Hypoxia Angiogenesis And FGF Pathway In OA Chondrocyte Hypertrophy WP5373,0.5878080445324411,1.7640013055777903,0.0,0.021196274563457077,0.282,11/31,17.71%,STAT3;AKT3;AKT2;MAPK3;JAK2;COL1A1;JUNB;ARNT;COL3A1;FOSL2;PIK3CA
prerank,Nucleotide Binding Oligomerization Domain NOD Pathway WP1433,0.5935213049109257,1.741155791019817,0.003883495145631068,0.02722142835426104,0.35,11/29,18.80%,MEFV;NLRP1;NAIP;NLRP12;CARD8;NLRP3;NLRC4;XIAP;ACAP1;IKBKB;CASP8
prerank,Metabolic Reprogramming In Pancreatic Cancer WP5220,-0.5977813363203559,-1.7383415186282987,0.004310344827586207,0.03618065837665735,0.414,12/28,18.77%,SLC2A1;UAP1;LDHA;HMGCR;RPIA;MDH1;GLUD1;HK2;CS;SLC16A1;SLC7A5;SLC1A5
prerank,mRNA Processing WP411,-0.4520269392966887,-1.7140892585057026,0.0,0.043778596635755396,0.499,31/113,16.15%,SNRPF;HNRNPAB;YBX1;SNRPG;SRRM1;SNRPB;LSM7;SNRPD3;SNRPE;SNRPB2;SNRPD1;RNMT;RBM17;SRSF7;SRSF9;DNAJC8;SNU13;TXNL4A;TMED10;SUPT5H;HNRNPR;SRSF10;HNRNPD;HNRNPM;SNRNP40;RBM39;SRSF2;HNRNPC;SRSF3;PPM1G;DHX15
prerank,Translation Inhibitors In Chronically Activated PDGFRA Cells WP4566,0.5458981349533707,1.7098762159464798,0.005628517823639775,0.039027510448263844,0.466,14/39,21.18%,MAPK14;AKT3;AKT2;EIF4B;MAPK3;PIK3R1;PDCD4;MAP2K7;RPS6KA1;EIF4A1;EIF4G3;PIK3CA;PRKACA;EIF4A2
prerank,Complement And Coagulation Cascades WP558,0.6235493625874245,1.7089995399576599,0.011320754716981131,0.0381332504557703,0.473,6/23,3.68%,CR1;C5AR1;CLU;C3AR1;F5;SERPINA1
prerank,Pathways Affected In Adenoid Cystic Carcinoma WP3651,0.5380306053407907,1.7071508572916438,0.0036900369003690036,0.037737744150592646,0.483,20/42,25.33%,ATRX;SMARCA2;ATM;FOXO3;KDM6A;EP300;NCOR1;KAT6A;KMT2C;ARID1A;CTBP1;RAF1;KANSL1;PIK3CA;KDM6B;PTEN;MAML3;SETD2;ARID4B;MAX
prerank,EGF EGFR Signaling Pathway WP437,0.45113665132502984,1.6911874728475904,0.002,0.04259471462164998,0.538,38/115,16.85%,IQSEC1;STAT3;PRKCB;AP2A1;MAPK14;MAP3K3;MAP3K1;CREB1;ATXN2;RASA1;STAT5B;INPP5D;GAB2;SYNJ1;LIMK2;USP8;SOS1;JAK2;STAT5A;EPS15;RALB;VAV1;IQGAP1;TNK2;PTK2B;EPS8;PIK3R1;NCOA3;CSK;RPS6KA1;SP1;CRK;ARHGEF1;SOS2;PLD1;EPN1;CRKL;RAF1
prerank,Brain Derived Neurotrophic Factor BDNF Signaling Pathway WP2380,0.4678667117607023,1.6910679500001917,0.0,0.041174890800928315,0.538,27/81,17.34%,STAT3;KIDINS220;MAPK14;RHOG;IRS2;MAP3K1;CREB1;STAT5B;FYN;FOXO3;TSC2;EEF2;MAPK3;JAK2;CTNNB1;STAT5A;APC;SORT1;CYFIP1;NCF2;PTK2B;PIK3R1;RPS6KA1;ADAM17;RAF1;IKBKB;SIRPA
prerank,Hepatitis B Infection WP4666,0.451740672391396,1.6869655872721003,0.0,0.041505127885753626,0.55,39/109,19.23%,STAT3;PRKCB;TLR4;JAK3;MAPK14;MAP3K1;CREB1;STAT5B;EGR3;AKT3;AKT2;PIK3CD;TLR2;MAVS;EP300;NFATC3;MAPK3;SOS1;JAK2;HSPG2;STAT5A;IRF3;PTK2B;STAT6;PIK3R1;MAP2K7;MYD88;NFATC2;SOS2;TBK1;CASP10;YWHAB;ATP6AP1;RAF1;IKBKB;PIK3CA;CASP8;APAF1;EGR2
prerank,DNA Replication WP466,-0.6257626409246397,-1.679628817060938,0.010482180293501049,0.05760217717646998,0.609,11/18,21.68%,RPA3;GMNN;MCM5;MCM4;UBC;RPA2;RFC2;DBF4;UBA52;POLD2;MCM7
prerank,EGFR Tyrosine Kinase Inhibitor Resistance WP4806,0.48631139683840663,1.6778685679099443,0.0,0.04519710939162689,0.593,19/62,17.71%,STAT3;PLCG2;PRKCB;AKT3;AKT2;FOXO3;PIK3CD;MAPK3;SOS1;JAK2;HGF;PDGFC;PIK3R1;PDGFRB;SOS2;IGF1;IL6R;RAF1;PIK3CA
prerank,Focal Adhesion WP306,0.4403927158006272,1.6770188941797954,0.0,0.04436048177497206,0.596,51/112,28.37%,PRKCB;FGR;ROCK2;FLNA;FYN;AKT3;AKT2;PXN;HCK;COL5A2;PIK3CD;CCND3;PPP1R12B;MAPK3;SOS1;HGF;CTNNB1;PPP1R12A;PDGFC;COL1A1;VAV1;TNK2;COL6A2;PIK3R1;XIAP;ZYX;COL4A2;PDGFRB;CRK;IGF1;RAC2;CRKL;RAF1;PIK3CA;ROCK1;ITGB5;LAMB1;ITGA4;PTEN;BRAF;PPP1R12C;ARHGAP35;GSK3B;PDGFRA;COL4A1;VCL;LAMB2;MAPK1;JUN;ACTN1;VASP
prerank,Methionine De Novo And Salvage Pathway WP3580,-0.6439423405261295,-1.6712617102001381,0.012578616352201259,0.05803616157407334,0.631,9/16,17.78%,TXN;SMS;ODC1;IL4I1;SRM;MSRA;MSRB2;AHCY;APIP
prerank,Primary Focal Segmental Glomerulosclerosis FSGS WP2572,0.5372070273554982,1.6709707377084526,0.003838771593090211,0.04635856045011419,0.622,9/37,10.48%,CR1;UTRN;CDKN1B;TLR4;MYH9;FYN;CDKN1C;CTNNB1;MME
prerank,Proximal Tubule Transport WP4917,-0.620800600861411,-1.666913075588292,0.008602150537634409,0.056901970825401424,0.648,5/19,7.51%,ATP6V0B;SLC2A1;ATP6V1H;ATP6V1F;ATP6V1G1
prerank,Wnt Signaling WP428,0.5052479988893301,1.651324011052134,0.005714285714285714,0.055703036436367745,0.699,18/48,18.25%,PRKCB;ROCK2;PLCB2;SFRP4;CCND3;NFATC3;PPP3CA;CTNNB1;FRAT1;CTBP2;APC;DAAM1;TCF7L2;NFATC2;CTBP1;CHD8;RYK;FRAT2
prerank,AMP Activated Protein Kinase Signaling WP1403,0.5407843030489015,1.6464220113899013,0.005780346820809248,0.05641065269459055,0.71,7/34,6.20%,CPT1A;CAMKK2;AKT2;CAB39;PIK3CD;TSC2;EEF2
prerank,Selenium Micronutrient Network WP15,-0.5356496084043647,-1.6451546218416462,0.010752688172043012,0.06605057499415544,0.718,15/37,17.08%,TXN;ALOX5AP;KMO;PRDX1;GPX3;CCL2;GPX4;PRDX5;PRDX4;PRDX3;PTGS1;IL6;TXNRD1;RFK;FLAD1
prerank,Thermogenesis WP4321,0.48758613474571066,1.6420231294318337,0.005758157389635317,0.05697032047705484,0.723,16/58,14.78%,ACSL1;SMARCA2;CPT1A;MAPK14;ARID1B;CREB1;SMARCD3;TSC2;SMARCC2;SOS1;KDM3B;SMARCA4;SMARCC1;ARID1A;RPS6KA1;SOS2
prerank,EPO Receptor Signaling WP581,0.6073015530154973,1.6351836824108665,0.015384615384615385,0.05981479496070754,0.75,9/21,11.36%,STAT3;IRS2;RASA1;STAT5B;MAPK3;SOS1;JAK2;STAT5A;PTPRC
prerank,Copper Homeostasis WP3286,-0.5145542815638802,-1.6314668443322933,0.00641025641025641,0.0703410935661294,0.753,8/40,5.44%,MT1H;MT1X;MT1G;MT2A;COX17;MT1F;MT1E;ATOX1
prerank,Leptin Signaling Pathway WP2034,0.48526177049682656,1.630604590104898,0.003861003861003861,0.060674769576900864,0.766,18/53,19.44%,STAT3;PLCG2;ROCK2;MAPK14;CREB1;STAT5B;FYN;MAPK3;SOS1;JAK2;NCOA1;PIK3R1;RPS6KA1;SP1;RAF1;IKBKB;SOCS3;ROCK1
prerank,ErbB Signaling Pathway WP673,0.4703961568402323,1.628349793088542,0.003676470588235294,0.06054467787540664,0.773,17/62,17.71%,PLCG2;PRKCB;CDKN1B;STAT5B;AKT3;AKT2;PIK3CD;MAPK3;SOS1;STAT5A;PIK3R1;MAP2K7;CRK;SOS2;CRKL;RAF1;PIK3CA
prerank,MAPK Cascade WP422,0.5641327405775796,1.626457998641928,0.00927643784786642,0.06018994001621024,0.779,15/28,27.67%,MAPK14;MAP3K3;MAP3K1;RASA3;SIPA1;MAPK3;SOS1;MAP2K7;SOS2;RAF1;RRAS;BRAF;MAP3K2;MAPK1;JUN
prerank,Thyroid Stimulating Hormone TSH Signaling Pathway WP2032,0.5073926923403707,1.6214140266953088,0.0019120458891013384,0.06136611404769868,0.788,16/44,17.71%,STAT3;CDKN1B;MAPK14;CREB1;GNAI3;CCND3;MAPK3;JAK2;RBL2;PIK3R1;RPS6KA1;PDE4D;GNAI2;PLD1;RAF1;PIK3CA
prerank,Ectoderm Differentiation WP2858,0.4928660666580753,1.6096991528577163,0.003861003861003861,0.0677735409347153,0.818,15/54,17.12%,POU2F2;ZBTB7B;TBL1X;FYN;CCDC88C;MAFB;TRIM33;CTNNB1;NUMA1;TTC14;SDCBP;STX16;CTBP1;OGT;PDE7A
prerank,Cardiac Hypertrophic Response WP2795,0.5196306694567868,1.6079503078644186,0.007272727272727273,0.06737094424835753,0.827,13/38,17.24%,MAPK14;MAP3K1;TNFRSF1A;AKT2;MAPK3;PPP3CA;HDAC7;MAP2K7;HDAC5;NFATC2;IGF1;RAF1;IKBKB
prerank,Leukocyte Intrinsic Hippo Pathway Functions WP4542,0.6015564370071823,1.6078720110135023,0.01090909090909091,0.06596400906698556,0.827,7/20,15.66%,MAPK14;ITGAL;FOXO3;LATS1;STK3;LATS2;STK38L
prerank,15Q25 Copy Number Variation WP5408,-0.6219416320059248,-1.6064947953715711,0.017777777777777778,0.08204660068798914,0.811,5/18,5.53%,SPCS2;SPCS3;SLC2A1;SPCS1;RNMT
prerank,MicroRNAs In Cardiomyocyte Hypertrophy WP1544,0.48436078008906075,1.6012851827232133,0.005870841487279843,0.06850063384591794,0.842,18/53,17.71%,STAT3;PRKCB;ROCK2;MAPK14;PLCB2;AKT2;PIK3CD;MAPK3;PPP3CA;HDAC7;CTNNB1;PIK3R1;MAP2K7;HDAC5;IGF1;RAF1;IKBKB;PIK3CA
prerank,Metapathway Biotransformation Phase I And II WP702,-0.5316798894896454,-1.588245852083416,0.01694915254237288,0.09052195653282069,0.852,11/31,8.83%,NAA50;GPX3;NAA20;MGST1;CYP2S1;GPX4;MGST2;GSTP1;TPMT;MGST3;HNMT
prerank,Nuclear Receptors WP170,0.6275557249249568,1.5829023178568695,0.021653543307086614,0.0789606805716108,0.876,9/16,28.59%,RXRA;NR4A2;NR2C2;NR4A1;NR2F2;RARA;VDR;PGR;PPARA
prerank,JAK STAT Signaling In The Regulation Of Beta Cells WP5358,0.5641619894710819,1.5803494188931917,0.017013232514177693,0.07926053733037407,0.878,7/22,10.10%,STAT3;STAT5B;AKT3;AKT2;CCND3;JAK2;STAT5A
prerank,1P36 Copy Number Variation Syndrome WP5345,-0.4985863499191764,-1.57480987365256,0.014893617021276596,0.09723134469591549,0.883,6/40,6.15%,RER1;ISG15;PHKG2;RBX1;ARF6;AURKAIP1
prerank,Complement System In Neuronal Development And Plasticity WP5090,0.4979462271227654,1.5727190041674757,0.01160541586073501,0.08371746132401457,0.894,16/46,19.05%,CR1;CX3CR1;C5AR1;CLU;C3AR1;MERTK;MARK2;MARK3;ITGAX;ITGAM;ITGB2;XIAP;CASP10;C3;CASP8;APAF1
prerank,Eukaryotic Transcription Initiation WP405,-0.5294306663997892,-1.5583030227180215,0.018867924528301886,0.10618824438722686,0.91,13/28,25.07%,POLR2I;POLR2B;MNAT1;GTF2A2;POLR2K;GTF2H3;POLR2F;POLR2H;POLR3K;POLR2E;POLR2A;TAF6;POLR2G
prerank,Glycerophospholipid Biosynthetic Pathway WP2533,0.5542499898835023,1.557802469656176,0.017241379310344827,0.09405734091392781,0.923,8/23,21.81%,GK;PIK3CD;CEPT1;LPIN2;PGS1;PIK3CA;CDIPT;IPMK
prerank,PI3K Akt Signaling Pathway WP4172,0.3991113826864037,1.5524494443639345,0.004032258064516129,0.09698821001752074,0.929,46/143,20.49%,MCL1;CDKN1B;TLR4;JAK3;PKN1;PIK3AP1;CREB1;SYK;AKT3;AKT2;FOXO3;PIK3CD;TSC2;TLR2;CCND3;CSF3R;PKN2;EIF4B;MAPK3;SOS1;JAK2;HGF;IL4R;PDGFC;COL1A1;PPP2R2D;COL6A2;RBL2;PIK3R1;COL4A2;GNB4;PDGFRB;SOS2;IGF1;PPP2R5C;IL6R;RAF1;IKBKB;PIK3CA;COL6A1;CSF1R;OSM;GNB2;ITGB5;LAMB1;ITGA4
prerank,CAMKK2 Pathway WP4874,0.5441590682984656,1.5455893398325478,0.018484288354898338,0.1010552337207045,0.944,11/25,19.48%,CAMKK2;CREB1;EP300;MAPK3;SIRT1;HMOX1;NFATC2;STIM1;MAF;RAF1;ICAM1
prerank,RAC1 PAK1 P38 MMP2 Pathway WP3303,0.47662907795270915,1.5445076336402113,0.015065913370998116,0.10019515575459938,0.949,14/45,17.71%,STAT3;MAPK14;RASA1;STAT5B;PXN;MAPK3;SOS1;CTNNB1;STAT5A;MMP2;PIK3R1;CRK;IKBKB;PIK3CA
prerank,Prion Disease Pathway WP3995,0.5440275407668966,1.5433785385970382,0.03766478342749529,0.0991163855473241,0.951,7/25,7.52%,POU2F2;RXRA;STAT3;CREB1;FYN;EP300;MAPK3
prerank,Ovarian Infertility WP34,0.5887765433032466,1.5432235513709838,0.032388663967611336,0.09743726523696729,0.951,5/17,9.79%,EGR1;CDKN1B;CREB1;ATM;NCOR1
prerank,Glioblastoma Signaling Pathways WP2261,0.46112420935045845,1.5401541967457266,0.013182674199623353,0.09842738135052143,0.954,16/57,17.71%,PLCG2;PRKCB;CDKN1B;AKT3;ATM;AKT2;FOXO3;PIK3CD;TSC2;EP300;MAPK3;PIK3R1;MAP2K7;PDGFRB;RAF1;PIK3CA
prerank,Type I Interferon Induction And Signaling During SARS CoV 2 Infection WP4868,0.5632842594167892,1.5384719724019291,0.024761904761904763,0.09867067565542112,0.957,8/21,14.99%,TLR4;TLR2;MAVS;TLR6;TLR7;IRF3;MYD88;TBK1
prerank,Host Pathogen Interaction Of Human Coronaviruses MAPK Signaling WP4877,0.52687549449153,1.5350097759657195,0.02247191011235955,0.09990863237925897,0.959,10/29,17.84%,IFITM2;MAPK14;MAP3K1;MAPK3;MAP3K11;JUNB;MAP2K7;RPS6KA1;RAF1;DDIT3
prerank,Warburg Effect Modulated By Deubiquitinating Enzymes And Their Substrates WP5216,-0.578127588784358,-1.5304871756311094,0.027837259100642397,0.12749507386420564,0.947,3/18,6.49%,FBP1;SLC2A1;LDHA
prerank,Hippo Signaling Regulation Pathways WP4540,0.48849763881335967,1.520298060676037,0.02524271844660194,0.11107979154567552,0.966,18/36,27.38%,PRKCB;PLCB2;GNAI3;LATS1;CTNNB1;STK3;TCF7L2;PRKAR1A;LATS2;PDGFRB;GNAI2;CSF1R;GNAQ;PRKACA;PRKAR2A;PDGFRA;PRKAA1;SMAD3
prerank,MYD88 Distinct Input Output Pathway WP3877,0.5904485502169217,1.5176506630769677,0.04466019417475728,0.11197946753417855,0.969,8/16,13.75%,TLR4;TLR5;TLR8;TLR2;TLR1;TLR6;TLR7;MYD88
prerank,Wnt Signaling Pathway And Pluripotency WP399,0.47142608729215574,1.5162727999596968,0.015594541910331383,0.11136361484107217,0.969,12/43,15.26%,PRKCB;CCND3;LRRK2;EP300;CTNNB1;FRAT1;CTBP2;APC;TCF7L2;LDLR;CTBP1;PPP2R5C
prerank,Glycolysis And Gluconeogenesis WP534,-0.5430247579138485,-1.5122922042219795,0.04157549234135667,0.13941533024107694,0.964,8/24,11.07%,FBP1;SLC2A1;LDHA;TPI1;MDH1;MDH2;MPC1;MPC2
prerank,Vitamin D In Inflammatory Diseases WP4482,0.5549299669085378,1.5122859973682723,0.05084745762711865,0.11318985191556469,0.969,4/21,8.25%,RXRA;MAPK14;MAP3K1;PPP3CA
prerank,Prolactin Signaling Pathway WP2037,0.44835626689506863,1.5114783408139723,0.0137524557956778,0.11223073036335024,0.97,20/59,18.90%,STAT3;MAPK14;IRS2;FLNA;STAT5B;FYN;PTPN6;PXN;GAB2;MAPK3;SOS1;JAK2;STAT5A;VAV1;PIK3R1;CTSD;RAF1;SIRPA;PIK3CA;SOCS3
prerank,Neuroinflammation And Glutamatergic Signaling WP5083,0.43662895260627144,1.5107418894219753,0.009505703422053232,0.1109633429357575,0.971,14/66,12.54%,GLUL;STAT3;CAMKK2;PRKCB;SLC2A3;TNFRSF1B;PLCB2;CREB1;TNFRSF1A;MAPK3;IL10RA;IL4R;DISC1;STAT6
prerank,Interleukin 11 Signaling Pathway WP2332,0.5085938212904576,1.5092631326503678,0.023032629558541268,0.11065079762291766,0.972,13/33,19.48%,STAT3;PIAS1;CREB1;FYN;MAPK3;JAK2;FES;PIK3R1;RPS6KA1;RAF1;IKBKB;SOCS3;ICAM1
prerank,IL 17 Signaling Pathway WP2112,0.5694806721717012,1.5091835840638463,0.02529182879377432,0.10907676687829314,0.972,8/19,18.62%,STAT3;IL17RA;MAPK3;JAK2;SP1;IKBKB;PIK3CA;CEBPD
prerank,Wnt Signaling Pathway WP363,0.510922459364312,1.5075051061885858,0.022058823529411766,0.10884209580536708,0.974,14/30,27.63%,PRKCB;TSC2;CTNNB1;FRAT1;APC;TCF7L2;ARRB2;NFATC2;CTBP1;RYK;CSNK1G1;GSK3B;MAPK1;CDK6
prerank,Overview Of Proinflammatory And Profibrotic Mediators WP5095,-0.5112050837215606,-1.5057900911622357,0.02459016393442623,0.13983128680686208,0.968,7/31,6.52%,CXCL14;CXCL1;CCL2;IL1RN;MMP9;CCL3;CCL4L2
prerank,Markers Of Kidney Cell Lineage WP5236,0.5956243835673793,1.5035944388795677,0.051181102362204724,0.11044479358737505,0.975,8/15,30.09%,PECAM1;CTNNB1;PDGFRB;EGLN1;RARA;PBX1;ALDH1A2;WNT5A
prerank,Gastrin Signaling Pathway WP4659,0.4204451501492381,1.502260289408901,0.00945179584120983,0.11017749007591608,0.975,25/81,20.76%,STAT3;EGR1;CDKN1B;MAPK14;CREB1;FYN;PXN;FOXO3;MAPK3;SOS1;JAK2;HDAC7;CTNNB1;MAP3K11;ARRB2;PIK3R1;SERPINB2;SP1;CRK;RAF1;IKBKB;PIK3CA;ROCK1;GNAQ;PRKACA
prerank,Hypothesized Pathways In Pathogenesis Of Cardiovascular Disease WP3668,0.5902846813087356,1.4987875697161483,0.036968576709796676,0.11169599152177974,0.976,9/15,27.38%,MAPK14;FLNA;MAPK3;NR2C2;FBN1;SMAD4;TGFBR2;MAPK1;SMAD3
prerank,T Cell Receptor And Co Stimulatory Signaling WP2583,0.5666492763102923,1.4959975536713424,0.05026929982046679,0.1128096602478267,0.979,9/17,24.60%,RASA1;FYN;PTPN6;PPP3CA;NFATC2;PTEN;DYRK2;DYRK1A;GSK3B
prerank,Embryonic Stem Cell Pluripotency Pathways WP3931,0.4843133334829838,1.4927450123307604,0.022684310018903593,0.11400513987277844,0.98,18/38,27.67%,STAT3;AKT3;AKT2;PIK3CD;SOS1;CTNNB1;APC;PDGFRB;RAF1;ACTR2;SMAD4;PTEN;BRAF;GSK3B;BMPR2;PDGFRA;MAPK1;JUN
prerank,Hepatocyte Growth Factor Receptor Signaling WP313,0.5162275743546331,1.492037677087248,0.043478260869565216,0.11305503483277893,0.981,11/28,17.71%,STAT3;RASA1;PXN;MAPK3;SOS1;HGF;PTK2B;CRK;CRKL;RAF1;PIK3CA
prerank,Inflammatory Bowel Disease Signaling WP5198,0.5416348861525531,1.4872755114603822,0.04198473282442748,0.11569582412670187,0.984,7/22,16.56%,STAT3;TLR4;TLR5;TLR2;IL4R;STAT6;MAF
prerank,Complement System WP2806,0.46083677489681657,1.4869768756510469,0.03428571428571429,0.11435164634702501,0.984,12/45,6.61%,CR1;FPR1;CD93;C5AR1;FCGR3A;SELPLG;SELL;C3AR1;F13A1;GNAI3;TLR2;PTX3
prerank,Focal Adhesion PI3K Akt mTOR Signaling Pathway WP3932,0.3811850815464744,1.48378959843404,0.005597014925373134,0.11578435310251245,0.986,46/138,20.49%,CDKN1B;SLC2A3;JAK3;IRS2;CREB1;AKT3;ITGAL;AKT2;COL5A2;CAB39;FOXO3;PIK3CD;TSC2;CSF3R;EIF4B;MAPK3;SOS1;JAK2;ITGAX;HGF;IL4R;PDGFC;COL1A1;PPP2R2D;COL5A1;COL6A2;ITGB2;PIK3R1;PIK3IP1;COL4A2;RAB10;GNB4;PDGFRB;COL3A1;IGF1;PPP2R5C;IL6R;RAF1;IKBKB;PIK3CA;CSF1R;OSM;GNB2;ITGB5;LAMB1;ITGA4
prerank,Insulin Signaling WP481,0.39568615241920935,1.483276355713386,0.016853932584269662,0.11464964757658809,0.986,31/106,18.90%,EGR1;PRKCB;MAPK14;MAP3K3;IRS2;MAP3K1;FLOT2;RHOQ;AKT2;FOXO3;PIK3CD;TSC2;STXBP3;MAPK3;SOS1;STXBP2;MAP3K11;PIK3R1;MAP2K7;RPS6KA1;CRK;SOS2;ARF1;EHD1;RAC2;VAMP2;RAF1;IKBKB;PIK3CA;GYG1;SOCS3
prerank,Hematopoietic Stem Cell Differentiation WP2849,0.514556985667273,1.478052848850067,0.0525328330206379,0.11782839043335837,0.988,10/28,16.60%,NFE2;FLI1;NCKAP1L;TRAF3IP3;IKZF1;STAT5A;VAV1;LYL1;NFATC2;SPI1
prerank,Cell Cycle WP179,-0.42225964257540843,-1.477896441000596,0.016632016632016633,0.16526879446046291,0.986,16/71,10.61%,PTTG1;GADD45A;GADD45G;TFDP1;GADD45B;SKP1;RBX1;MCM5;YWHAH;ANAPC10;YWHAE;WEE1;MCM4;ANAPC11;MAD1L1;CDKN1A
prerank,Orexin Receptor Pathway WP5094,0.45785432347504285,1.4767937933252229,0.02734375,0.11729594760445798,0.988,11/47,15.25%,STAT3;CAMKK2;PRKCB;MAPK14;CREB1;EIF4B;MAPK3;ARRB2;PIK3R1;RPS6KA1;PLD1
prerank,Lipid Metabolism Pathway WP3965,0.5845246549331496,1.4727106859955181,0.04933586337760911,0.11899227752272658,0.988,12/16,34.21%,AKT3;AKT2;PRKAR1A;ACSS2;PRKACA;PRKAR2A;PRKAA1;ABHD5;PNPLA2;PRKAG2;AKT1;PRKAG1
prerank,Th17 Cell Differentiation Pathway WP5130,0.47452716409008217,1.47180561059306,0.022857142857142857,0.1183750967937118,0.989,12/40,18.90%,RXRA;STAT3;MAPK14;JAK2;PPP3CA;IL4R;IL27RA;STAT5A;STAT6;IL6R;IKBKB;SOCS3
prerank,Serotonin Receptor 4 6 7 And NR3C Signaling WP734,0.5956849823253143,1.4672455504747879,0.06415094339622641,0.12122135123330499,0.991,7/15,27.54%,EGR1;CREB1;MAPK3;BRAF;SRF;MAPK1;RPS6KA5
prerank,Toll Like Receptor Signaling Pathway WP75,0.413122891772523,1.4624729478589196,0.015384615384615385,0.12434133481418912,0.993,22/70,18.80%,TLR4;MAPK14;TLR5;AKT3;AKT2;PIK3CD;TLR8;TLR2;TAB3;MAPK3;TLR1;TLR6;TLR7;CD14;IRF3;PIK3R1;MAP2K7;MYD88;TBK1;IKBKB;PIK3CA;CASP8
prerank,Non Genomic Actions Of 1 25 Dihydroxyvitamin D3 WP4341,0.452090423886738,1.4599253958340237,0.04263565891472868,0.12563141458583982,0.994,13/46,13.92%,RXRA;PLCG2;PRKCB;TLR4;MAPK14;PLCB2;TNFRSF1A;TLR8;TLR2;MAPK3;SP3;MED1;SP1
prerank,NRP1 Triggered Signaling Pathways In Pancreatic Cancer WP5144,0.48031732170947933,1.459169433275486,0.034926470588235295,0.12477416493337173,0.994,9/34,10.88%,PECAM1;CDKN1B;AKT3;AKT2;CHD1;MAPK3;HGF;COL1A1;MMP2
prerank,G Protein Signaling Pathways WP35,0.4574781464711493,1.4582764718230006,0.02681992337164751,0.12393685131933312,0.994,18/44,22.74%,PRKCB;AKAP9;GNAI3;AKAP10;PPP3CA;PRKAR1A;ARHGEF1;PDE4D;GNAI2;ADCY7;PDE7A;GNB2;GNAQ;RRAS;PRKACA;AKAP8;AKAP12;PRKAR2A
prerank,Ras Signaling WP4223,0.40764788811195624,1.4578354566285021,0.01107011070110701,0.12293217199128993,0.995,30/91,21.68%,PLCG2;PRKCB;RASA1;AKT3;AKT2;PIK3CD;RASA3;GAB2;RASA4;MAPK3;SOS1;RASGRP4;RASGRP2;RALB;PIK3R1;GNB4;PDGFRB;SOS2;PLD1;RAC2;RAF1;IKBKB;PIK3CA;CSF1R;GNB2;RGL1;RRAS;PRKACA;RASAL3;RASA2
prerank,Interleukin 1 IL 1 Structural Pathway WP2637,0.45388883686413756,1.4505554280217183,0.0299625468164794,0.12834610739052685,0.996,9/40,17.24%,MAPK14;MAP3K1;SAFB;TAB3;MAPK3;MAP2K7;MYD88;MKNK1;IKBKB
prerank,Nucleotide Excision Repair WP4753,-0.4977619080642602,-1.448805221252512,0.04592901878914405,0.19463695599489958,0.993,12/29,19.26%,RPA3;GTF2H5;RBX1;POLE3;MNAT1;CETN2;GTF2H3;POLE4;RPA2;RFC2;POLD2;RAD23A
prerank,Photodynamic Therapy Induced AP 1 Survival Signaling WP3611,0.476051838939421,1.434567388480406,0.04990403071017274,0.1415280775896142,0.999,7/34,12.99%,MCL1;TNFSF10;MAPK14;TNFRSF1A;MMP2;JUNB;MAP2K7
prerank,Estrogen Signaling Pathway WP712,0.5426354844205271,1.4343493951414414,0.06591337099811675,0.14021110131444267,0.999,9/19,27.67%,MAPK14;CREB1;SP1;IKBKB;PIK3CA;PRKACA;BRAF;MAPK1;JUN
prerank,Regulatory Circuits Of The STAT3 Signaling Pathway WP4538,0.4574115560858942,1.4337586991743672,0.03544776119402985,0.13916095154123795,0.999,11/40,11.36%,STAT3;PRKCB;CSF2RB;JAK3;MAPK14;CSF3R;MAPK3;IL10RA;JAK2;IL27RA;PTPRC
prerank,Neural Crest Cell Migration In Cancer WP4565,0.5276403887050743,1.4329807451066698,0.03383458646616541,0.13854539962696286,0.999,9/23,17.71%,STAT3;KIDINS220;AKT3;AKT2;PIK3CD;SORT1;MMP2;ARF1;PIK3CA
prerank,MAPK Signaling Pathway WP382,0.3723036185676797,1.4295499849698385,0.011235955056179775,0.1402416518817613,0.999,55/134,27.80%,MAPK14;FLNA;MAP3K1;RASA1;AKT3;TNFRSF1A;AKT2;DUSP3;LRRK2;NFATC3;MAPKAPK5;MAPK3;SOS1;PPP3CA;RASGRP4;STK3;CD14;HSPA6;RASGRP2;MAP3K11;ARRB2;MAP2K7;PDGFRB;CRK;DUSP6;MKNK1;SOS2;TAOK1;RAC2;CRKL;NR4A1;RAF1;IKBKB;DDIT3;MAPKAPK3;RRAS;PRKACA;IL1R2;RASA2;BRAF;MAPK8IP3;DUSP1;PPP3CB;MAX;TGFBR2;MAP3K2;SRF;RPS6KA3;TAOK3;ARRB1;MAPK1;RPS6KA5;JUN;PPM1B;PPM1A
prerank,T Cell Receptor Signaling Pathway WP69,0.42950455840756047,1.4275374984917681,0.032015065913371,0.14096626057571204,0.999,15/53,17.52%,MAPK14;CREB1;FYN;GAB2;MAPK3;SOS1;VAV1;PTK2B;PIK3R1;CRK;NFATC2;CRKL;RAF1;IKBKB;WAS
prerank,MET In Type 1 Papillary Renal Cell Carcinoma WP4205,0.4412645417076351,1.4233803056351366,0.044061302681992334,0.1436551992306326,0.999,15/46,17.71%,STAT3;JAK3;AKT3;AKT2;PIK3CD;TFE3;MAPK3;SOS1;HGF;PIK3R1;CRK;SOS2;CRKL;RAF1;PIK3CA
prerank,Vitamin D Sensitive Calcium Signaling In Depression WP4698,0.554756718931037,1.4201083889358432,0.062146892655367235,0.14544252227052992,0.999,8/17,27.02%,RXRA;G6PD;ATP2B1;KDM6B;GSR;ITPR2;VDR;GCLC
prerank,Rett Syndrome Causing Genes WP4312,0.5073855603657845,1.4186420569185414,0.07602339181286549,0.1454355482824086,0.999,8/24,17.40%,SMARCA2;TBL1X;TRRAP;NCOR1;SMARCA4;HDAC5;CRK;CHD4
prerank,miRNA Regulation Of Prostate Cancer Signaling Pathways WP3981,0.4967556976638031,1.4174529349965996,0.0737410071942446,0.1451526036214857,0.999,7/25,17.71%,CDKN1B;AKT3;SOS1;CTNNB1;PDGFRB;RAF1;PIK3CA
prerank,Spinal Cord Injury WP2431,0.41044345184595604,1.415377611598603,0.025193798449612403,0.14615999771513435,0.999,16/65,9.01%,EGR1;VCAN;CDKN1B;TLR4;ROCK2;LILRB3;FOXO3;TNFSF13B;SLIT3;CCR2;FCGR2A;MAPK3;XYLT1;PPP3CA;LTB4R;BTG2
prerank,DNA Damage Response Only ATM Dependent WP710,0.39923789614658617,1.412175038265145,0.0300187617260788,0.1476613663312152,0.999,23/74,17.71%,CDKN1B;MAP3K1;AKT3;CAT;ATM;AKT2;FOXO3;PIK3CD;CCND3;SOS1;CTNNB1;FRAT1;APC;TCF7L2;BCL6;RBL2;PIK3R1;LDLR;SOS2;PPP2R5C;RAC2;MLKL;PIK3CA
prerank,Non Small Cell Lung Cancer WP4255,0.4209873831489368,1.412126896580915,0.02666666666666667,0.14630653725431528,0.999,17/53,14.78%,RXRA;STAT3;PLCG2;PRKCB;JAK3;STAT5B;AKT3;AKT2;FOXO3;PIK3CD;MAPK3;SOS1;STAT5A;E2F3;PIK3R1;POLK;SOS2
prerank,IL 1 Signaling Pathway WP195,0.4327013526566571,1.411327275770531,0.04428044280442804,0.14552210778203228,0.999,9/45,13.75%,IRAK3;MAPK14;MAP3K3;MAP3K1;TAB3;MAPK3;PIK3R1;MAP2K7;MYD88
prerank,Pleural Mesothelioma WP5087,0.34648407482374866,1.4086195128879448,0.003968253968253968,0.14702534673958378,0.999,56/204,18.41%,SETD5;MCL1;MAPK14;MAP3K3;LIMD1;SFRP4;MAP3K1;CREB1;AKT3;ATM;AKT2;CXCL12;PIK3CD;TSC2;CCND3;KDM6A;EIF4B;LATS1;MAPK3;SOS1;NLRP3;RASSF2;RASSF4;HGF;CTNNB1;STK3;PDGFC;FRAT1;CTBP2;APC;MMP2;MAP3K11;TCF7L2;ITGB2;KMT2C;LATS2;MAP2K7;COL4A2;RPS6KA1;SP1;PDGFRB;MKNK1;CTBP1;IGF1;STK38L;YWHAB;BECN1;CHD8;OGT;MDK;RAF1;PIK3CA;RYK;DDIT3;FRAT2;CSF1R
prerank,Angiopoietin Like Protein 8 Regulatory Pathway WP3915,0.3931588534124506,1.4080685242921829,0.024667931688804556,0.1461059899481504,0.999,20/80,14.78%,RXRA;MAPK14;MAP3K3;IRS2;MAP3K1;FLOT2;RHOQ;AKT2;FOXO3;PIK3CD;TSC2;MAPK3;SOS1;EXOC7;MAP3K11;PIK3R1;MAP2K7;RPS6KA1;CRK;SOS2
prerank,Parkin Ubiquitin Proteasomal System Pathway WP2359,-0.42718783587388254,-1.4031050315658167,0.05186721991701245,0.2528296161056912,0.999,14/51,17.84%,TUBA1C;HSPA5;TUBB4B;TUBB2A;TUBB;PSMD12;PSMC3;PSMD14;PSMC4;TUBB6;PSMD10;UBE2L3;PSMD11;TUBA1B
prerank,TLR4 Signaling And Tolerance WP3851,0.5122041182090097,1.4026472197773423,0.06165703275529865,0.15016497493162842,1.0,7/21,17.24%,TLR4;IRAK3;INPP5D;IRF3;MYD88;TBK1;IKBKB
prerank,Urotensin II Mediated Signaling Pathway WP5158,0.42085370280880235,1.4000036715933055,0.03910614525139665,0.15131383076060836,1.0,17/51,20.76%,STAT3;MAPK14;EP300;MAPK3;JAK2;CTNNB1;COL1A1;MMP2;NCF2;IRF3;HMOX1;HDAC5;COL3A1;IKBKB;DDIT3;ICAM1;PRKACA
prerank,Nucleotide Excision Repair In Xeroderma Pigmentosum WP5114,-0.45419615156375887,-1.3999517926961942,0.047516198704103674,0.24828281029089252,0.999,13/38,19.26%,RPA3;HMGN1;GTF2H5;RBX1;POLE3;MNAT1;CETN2;GTF2H3;POLE4;RPA2;RFC2;POLD2;RAD23A
prerank,mBDNF And proBDNF Regulation Of GABA Neurotransmission WP4829,0.5462667325644012,1.3999310521966213,0.06944444444444445,0.14995026051781912,1.0,8/17,22.77%,STAT3;AP2A1;CREB1;JAK2;PIK3R1;PIK3CA;ROCK1;PTEN
prerank,Kisspeptin Kisspeptin Receptor System In The Ovary WP4871,0.5008171577165433,1.3951096538095615,0.07765151515151515,0.1534224436044083,1.0,8/23,17.71%,PRKCB;PLCB2;AKT2;PIK3CD;MAPK3;ARRB2;RAF1;PIK3CA
prerank,Nanoparticle Mediated Activation Of Receptor Signaling WP2643,0.5043679409842606,1.389829909534738,0.09176029962546817,0.15746395029007407,1.0,6/22,10.30%,MAPK14;AKT3;PXN;PIK3CD;SOS1;COL1A1
prerank,Male Infertility WP4673,0.41695266303028367,1.384023018431409,0.05058365758754864,0.16188705946086382,1.0,14/51,20.05%,CLU;CAT;ATM;MTHFR;EP300;USP8;XPC;MMP2;PUM2;UBR2;CCNT1;SIRPA;SOD2;SLC16A7
prerank,Growth Factors And Hormones In Beta Cell Proliferation WP5385,0.5386716438704184,1.3778673776255872,0.09433962264150944,0.16752248280629906,1.0,6/17,27.18%,AKT3;AKT2;MAPK3;IGF1;BRAF;MAPK1
prerank,IL6 Signaling Pathway WP364,0.4454312737817963,1.3707975251848874,0.07421150278293136,0.1737458303834744,1.0,15/36,27.18%,STAT3;HCK;MAPK3;SOS1;JAK2;NCOA1;VAV1;JUNB;PIK3R1;IL6R;SOCS3;IRF1;GSK3B;TYK2;MAPK1
prerank,STING Pathway In Kawasaki Like Disease And COVID 19 WP4961,0.5570864114670793,1.3697502342876862,0.08872458410351201,0.17347739906793236,1.0,5/15,17.24%,FCGR2A;NLRP3;IRF3;TBK1;IKBKB
prerank,LDL Influence On CD14 And TLR4 WP5272,0.5177461920898543,1.3658003873570235,0.10891089108910891,0.17671474146129668,1.0,4/18,9.66%,TLR4;MAPK14;CREB1;CD14
prerank,22Q11 2 Copy Number Variation Syndrome WP4657,-0.43493484149313566,-1.3632681696972138,0.08213552361396304,0.3010345940837234,1.0,10/42,18.51%,RANBP1;RAN;CDC42;RBX1;HIRIP3;GLUD1;RANGAP1;CLDN3;OAT;MALT1
prerank,Prostaglandin Synthesis And Regulation WP98,-0.5142592138992375,-1.3580898234348273,0.11506276150627615,0.3010212222754109,1.0,6/19,13.63%,ANXA4;ANXA1;EDN1;ANXA2;ANXA5;PTGS1
prerank,Immune Infiltration In Pancreatic Cancer WP5285,-0.5342213669977438,-1.3575712994586904,0.13025210084033614,0.2922194167498313,1.0,4/17,5.92%,LGALS3;CXCL1;CCL2;MMP9
prerank,Hereditary Leiomyomatosis And Renal Cell Carcinoma Pathway WP4206,-0.5295685571033103,-1.354881043020976,0.11293634496919917,0.287985864495085,1.0,2/15,6.49%,SLC2A1;LDHA
prerank,Host Pathogen Interaction Of Human Coronaviruses Interferon Induction WP4880,0.47074859963695526,1.3513454749888023,0.08237547892720307,0.19162530254741286,1.0,15/26,36.27%,MAPK14;MAVS;TLR7;IRF3;MYD88;TBK1;IKBKB;IFNAR1;TYK2;OAS1;JUN;IFNAR2;MAP3K7;JAK1;STAT2
prerank,DYRK1A Involvement Regarding Cell Proliferation In Brain Development WP5180,0.43815373155363646,1.3493566211638812,0.0777988614800759,0.19231770246341362,1.0,11/35,17.65%,CDKN1B;CREB1;TSC2;DCAF7;REST;SIRT1;HES1;LATS2;RBL2;HIP1;PSEN1
prerank,TCA Cycle Aka Krebs Or Citric Acid Cycle WP78,-0.5175654961431688,-1.344340675340463,0.1191919191919192,0.29742356603990633,1.0,10/18,29.07%,IDH2;SDHD;MDH2;CS;IDH3A;SDHB;FH;SUCLG1;SUCLG2;SDHC
prerank,T Cell Modulation In Pancreatic Cancer WP5078,-0.5000328818631857,-1.3384044427425088,0.12371134020618557,0.2980942452125295,1.0,10/21,20.76%,CD40;CD80;LGALS3;TNFSF9;TNFRSF9;B2M;IL6;CD86;IDO1;LGALS1
prerank,Thyroid Hormones Production And Peripheral Downstream Signaling Effects WP4746,0.4182155083478619,1.3350160923115932,0.09867172675521822,0.20834330540633175,1.0,17/43,28.08%,RXRA;MAPK14;AKT3;TSC2;SOS1;CTNNB1;KDM3B;RAF1;PIK3CA;ZNF516;MAPKAPK3;PRKACA;ITPR2;GSK3B;FRS2;MAPK1;ADCY3
prerank,8P23 1 Copy Number Variation Syndrome WP5346,0.4733422425613216,1.3283419874167663,0.11591355599214145,0.21497058337013525,1.0,9/24,16.85%,TLR4;TLR2;TERF1;FCGR2A;MAPK3;CTNNB1;NUMA1;CTSD;RAF1
prerank,Histone Modifications WP2369,0.4652761360910355,1.3266034221419287,0.11066398390342053,0.215506195789556,1.0,13/25,23.53%,SETD5;KMT5B;KMT2A;PRDM2;EHMT1;KMT2C;KMT2D;EZH1;ASH1L;KMT2E;SETDB2;EHMT2;SETD2
prerank,Integrin Mediated Cell Adhesion WP185,0.3942576413782948,1.322453139104078,0.05762081784386617,0.21911085099267277,1.0,22/58,23.47%,ROCK2;GIT2;FYN;AKT3;ITGAL;AKT2;PXN;SOS1;ITGAX;ITGAM;ITGB2;ZYX;CSK;CRK;RAC2;RAF1;ROCK1;ITGB5;ITGA4;CAPN7;CAPN1;BRAF
prerank,TGF Beta Receptor Signaling WP560,0.43774173192444055,1.3157997879623335,0.11962616822429907,0.22596563002614947,1.0,6/33,9.36%,STAT3;EP300;TFE3;MAPK3;CTNNB1;ZEB2
prerank,Adipogenesis WP236,0.37383205768268984,1.3142334314465116,0.06944444444444445,0.22644230745268398,1.0,25/74,19.23%,RXRA;STAT3;NCOA2;IRS2;SFRP4;CREB1;STAT5B;KLF7;NCOA1;CTNNB1;NCOR1;NAMPT;STAT5A;LPIN2;STAT6;RBL2;SP1;CELF1;IGF1;DDIT3;CEBPD;SOCS3;OSM;PLIN2;EGR2
prerank,Common Pathways Underlying Drug Addiction WP2636,0.48718580805834255,1.3092648214610232,0.13518518518518519,0.23115708871357055,1.0,5/20,20.76%,PRKCB;CREB1;MAPK3;RAF1;PRKACA
prerank,NF1 Copy Number Variation Syndrome WP5366,0.39952799020725854,1.3076092244112092,0.09586466165413533,0.23162785485979592,1.0,17/48,20.18%,MCL1;ROCK2;EVI2B;MAP3K1;EXOC4;MAVS;MAPK3;SOS1;EVI2A;EXOC7;EXOC6;EVL;EZH1;RAF1;ATR;EXOC1;ADAP2
prerank,Regulation Of Actin Cytoskeleton WP51,0.36459577789485215,1.3065500869185802,0.059880239520958084,0.2313009637894865,1.0,31/78,25.83%,ROCK2;WASF2;PXN;PIK3CD;ARHGEF6;MAPK3;SOS1;PPP1R12A;CD14;APC;VAV1;IQGAP1;SSH2;PIK3R1;CSK;PDGFRB;CRK;ARHGEF1;SOS2;RAC2;RAF1;WAS;PIK3CA;ROCK1;RRAS;MSN;BRAF;ARHGAP35;PIP4K2A;PDGFRA;VCL
prerank,Disturbed Pathways In Duchenne Muscular Dystrophy WP5356,-0.4472899302146768,-1.303449528546687,0.11860940695296524,0.3549696321023428,1.0,6/30,8.29%,VDAC1;SLC25A5;MMP9;PLAU;TOMM20;CAMK2D
prerank,NAD Biosynthetic Pathways WP3645,0.5205139492923727,1.302134793475385,0.14232209737827714,0.23575755031168366,1.0,4/15,9.82%,PARP4;SIRT1;BST1;NAMPT
prerank,5Q35 Copy Number Variation WP5380,-0.3819826726994173,-1.2931279328347969,0.10721649484536082,0.36534888668712573,1.0,15/62,15.45%,COX7B;COX6A1;COX8A;COX6C;SRC;COX6B1;COX5B;COX7C;TMED9;TMED10;NOP16;COX5A;EED;KIAA1191;TMED2
prerank,Breast Cancer Pathway WP4262,0.36746339478011464,1.2856890136718548,0.08914728682170543,0.25717838711832,1.0,24/72,18.25%,SFRP4;AKT3;ATM;AKT2;PIK3CD;MAPK3;SOS1;NCOA1;CTNNB1;FRAT1;APC;HES1;TCF7L2;E2F3;PIK3R1;NCOA3;POLK;SP1;SOS2;IGF1;RAF1;PIK3CA;ATR;FRAT2
prerank,Sphingolipid Metabolism Integrated Pathway WP4726,0.4984497464349711,1.28563127170202,0.17680608365019013,0.25529602037791493,1.0,6/17,15.84%,ASAH1;SGMS1;SPTLC2;PLPP3;SPTLC1;CERS2
prerank,Notch Signaling WP268,0.44885626145837537,1.2846260319459368,0.12797074954296161,0.25475383926094625,1.0,8/25,17.65%,NUMB;CTBP2;HES1;LFNG;CTBP1;MAML1;ADAM17;PSEN1
prerank,Oxidative Damage Response WP3941,0.4341176739058359,1.2816206688442724,0.11708253358925144,0.2570820168248036,1.0,7/30,4.92%,C5AR1;CDKN1B;TNFRSF1B;C3AR1;MAP3K1;TDP2;CDKN1C
prerank,Sphingolipid Metabolism Overview WP4725,0.5149183465698375,1.2803302187821657,0.16015625,0.25688562800886855,1.0,6/15,15.84%,ASAH1;SGMS1;SPTLC2;PLPP3;SPTLC1;CERS2
prerank,P53 Transcriptional Gene Network WP4963,-0.3932684512345139,-1.2784661839098075,0.09018036072144289,0.3848975162166074,1.0,8/49,7.68%,TRAF4;GADD45A;SLC2A1;ISG15;PERP;CCL2;BAX;SIVA1
prerank,16P11 2 Distal Deletion Syndrome WP4950,0.4848905298456998,1.2780651413304867,0.18882466281310212,0.25803491882738483,1.0,4/18,17.69%,CD82;JAK2;NFATC2;C3
prerank,Measles Virus Infection WP4630,0.3501191019305029,1.274627487786158,0.06130268199233716,0.2609471293081751,1.0,20/87,19.05%,STAT3;CDKN1B;TLR4;JAK3;STAT5B;PIK3CD;TLR2;CCND3;MAVS;TLR7;HSPA6;STAT5A;IRF3;PIK3R1;MYD88;TBK1;IKBKB;PIK3CA;CASP8;APAF1
prerank,Androgen Receptor Signaling Pathway WP138,0.36223340022042944,1.2726228490758673,0.08867924528301886,0.2614835433364932,1.0,19/66,13.92%,STAT3;NCOA2;PIAS1;ROCK2;NCOA4;FLNA;CREB1;EP300;LIMK2;SIRT1;NCOA1;CTNNB1;TGFB1I1;NCOR1;NR2C2;PIK3R1;UBE3A;NCOA3;SP1
prerank,Synaptic Signaling Pathways Associated With Autism Spectrum Disorder WP4539,0.4557131328368892,1.2675941251414427,0.138671875,0.2664216373498548,1.0,12/24,27.18%,AKT3;AKT2;PIK3CD;TSC2;MAPK3;PIK3R1;UBE3A;PIK3CA;PTEN;GSK3B;PRKAA1;MAPK1
prerank,TGF Beta Receptor Signaling In Skeletal Dysplasias WP4816,0.4149667499576601,1.264320030014926,0.1441947565543071,0.2694964383248054,1.0,6/35,9.36%,STAT3;EP300;TFE3;MAPK3;CTNNB1;ZEB2
prerank,4 Hydroxytamoxifen Dexamethasone And Retinoic Acids Regulation Of P27 Expression WP3879,0.509681669614943,1.2599479063591417,0.1801470588235294,0.2740175634317022,1.0,9/15,36.43%,MAPK3;MAP3K11;MKNK1;RAF1;PRKAA1;MAPK1;AKT1;MAP3K5;MAP2K2
prerank,Initiation Of Transcription And Translation Elongation At The HIV 1 LTR WP3414,0.4379279209993136,1.2599055165482433,0.14038461538461539,0.2721103610123733,1.0,11/28,26.38%,EP300;NFATC3;PPP3CA;HDAC7;HDAC5;SP1;NFATC2;CCNT1;NELFB;PPP3CB;HDAC4
prerank,Neural Crest Cell Migration During Development WP4564,0.47054580856757156,1.2588288008880224,0.16605839416058393,0.2719923602026226,1.0,7/21,17.71%,STAT3;AKT3;AKT2;PIK3CD;MMP2;ARF1;PIK3CA
prerank,Osteoblast Differentiation And Related Diseases WP4787,0.4254174704894462,1.2571223766711037,0.15779467680608364,0.2724752103267503,1.0,6/32,12.69%,PRKCB;MAPK14;PIK3CD;MAPK3;CTNNB1;PIK3R1
prerank,G13 Signaling Pathway WP524,0.4421696309763797,1.254391024544993,0.16666666666666666,0.27496624893183613,1.0,11/28,19.44%,ROCK2;PKN1;IQGAP2;PIK3CD;CYFIP1;IQGAP1;TNK2;ARHGEF1;WAS;PIK3CA;ROCK1
prerank,Fragile X Syndrome WP4549,0.3702320369329948,1.2528538116363321,0.1144578313253012,0.2752307986130887,1.0,14/61,14.81%,CPT1A;AP2A1;DICER1;CREB1;FYN;DUSP3;TSC2;SOS1;PPP3CA;CYFIP1;PRKAR1A;EIF4A1;MKNK1;CLTC
prerank,Alstrom Syndrome WP5202,0.48901547888677754,1.2511342925237647,0.16760828625235405,0.27586063567031005,1.0,6/16,29.06%,NSFL1C;CEP192;BLOC1S6;SNAPIN;VCP;RFX1
prerank,Tumor Suppressor Activity Of SMARCB1 WP4204,0.47869224977719016,1.2501662501232176,0.18714555765595464,0.27517574885395873,1.0,6/19,13.21%,ARID1B;SMARCD3;SMARCC2;SMARCA4;SMARCC1;ARID1A
prerank,Fibrin Complement Receptor 3 Signaling Pathway WP4136,0.4229697579362695,1.241963471088195,0.16725978647686832,0.2858371276494251,1.0,9/28,17.71%,TLR4;SYK;CD14;IRF3;ITGAM;ITGB2;MYD88;IKBKB;PIK3CA
prerank,Extrafollicular And Follicular B Cell Activation By SARS CoV 2 WP5218,0.3883961456280897,1.2415736176276222,0.14154411764705882,0.284444614278045,1.0,14/43,11.76%,CR1;TLR4;SELL;SYK;CXCL12;TNFSF13B;CD82;ITGAX;TLR7;ZEB2;STAT5A;PTPRC;ITGB2;BCL6
prerank,Small Cell Lung Cancer WP4658,-0.36534309088907135,-1.2404489326668902,0.11974789915966387,0.45834595506098563,1.0,12/59,10.84%,CYCS;TRAF4;GADD45A;GADD45G;CKS2;CKS1B;GADD45B;SKP1;BID;BAX;CDKN1A;ITGA6
prerank,PPAR Signaling Pathway WP3942,0.45205369035880805,1.2361137330516205,0.1716101694915254,0.29083902570787823,1.0,3/22,0.58%,RXRA;ACSL1;CPT1A
prerank,T Cell Antigen Receptor TCR Pathway During Staphylococcus Aureus Infection WP3863,0.39451649769605934,1.2301053053433595,0.15947467166979362,0.2978052198621655,1.0,16/39,29.38%,FYN;PTPN6;MAPK3;SOS1;PTPRC;MAP2K7;NFATC2;RAF1;IKBKB;PIK3CA;RRAS;DLG1;GSK3B;JUN;CHP1;CBL
prerank,Apoptosis WP254,0.3645771099755276,1.229611707696644,0.12927756653992395,0.2965511056552669,1.0,15/58,19.05%,MCL1;TNFSF10;TNFRSF1B;MAP3K1;CASP4;TNFRSF1A;IRF3;PIK3R1;XIAP;SCAF11;IGF1;CASP10;IKBKB;CASP8;APAF1
prerank,DNA Repair Pathways Full Network WP4946,-0.3625414023075526,-1.2243084147156134,0.1282565130260521,0.4846809522463836,1.0,13/59,15.34%,RPA3;HMGB1;GTF2H5;BRCA2;RBX1;POLE3;MNAT1;CETN2;GTF2H3;POLE4;APEX1;RPA2;RFC2
prerank,Pre Implantation Embryo WP3527,0.4492741243367133,1.220240690720758,0.20743639921722112,0.3094926677003841,1.0,3/20,0.77%,AQP9;ZFP36L2;EGR1
prerank,Signal Transduction Through IL1R WP4496,0.4277633465797073,1.219008975503706,0.19521178637200737,0.3093246386166952,1.0,3/24,2.78%,IRAK3;MAPK14;MAP3K1
prerank,Splicing Factor NOVA Regulated Synaptic Proteins WP4148,0.4776940033218845,1.2166056543617176,0.2011173184357542,0.31150868738688714,1.0,7/16,30.41%,STXBP2;ATP2B1;EPB41;STX2;APLP2;CAMK2G;KCNMA1
prerank,Alzheimer 39 S Disease WP5124,-0.3060840231062867,-1.215590602896034,0.0823293172690763,0.48199017786764636,1.0,32/155,14.93%,TUBA1C;CYCS;PSMA3;VDAC1;PSMA5;ADRM1;VDAC2;TUBB4B;PSMB2;SLC25A5;PSMA1;PPID;PSMA7;BID;TUBB2A;TUBB;PSMD12;PSMC3;PSMB6;PSMD14;PSMC4;HSD17B10;HRAS;TUBB6;PSMB1;PSMA4;CALM1;PSENEN;ATP2A2;ATG101;XBP1;IL6
prerank,Alzheimer 39 S Disease And miRNA Effects WP2059,-0.3060840231062867,-1.215590602896034,0.0823293172690763,0.48199017786764636,1.0,32/155,14.93%,TUBA1C;CYCS;PSMA3;VDAC1;PSMA5;ADRM1;VDAC2;TUBB4B;PSMB2;SLC25A5;PSMA1;PPID;PSMA7;BID;TUBB2A;TUBB;PSMD12;PSMC3;PSMB6;PSMD14;PSMC4;HSD17B10;HRAS;TUBB6;PSMB1;PSMA4;CALM1;PSENEN;ATP2A2;ATG101;XBP1;IL6
prerank,RANKL RANK Signaling Pathway WP2018,0.39231820718612914,1.212132843336787,0.16793893129770993,0.3168652926292688,1.0,10/39,17.24%,MAPK14;SYK;AKT2;GAB2;MAPK3;LYN;PIK3R1;MAP2K7;SPI1;IKBKB
prerank,PI3K AKT mTOR Signaling Pathway And Therapeutic Opportunities In Prostate Cancer WP3844,0.42765135435881935,1.210516677416902,0.1908548707753479,0.31732913949933805,1.0,10/25,24.60%,CDKN1B;FOXO3;TSC2;PIK3R1;PIK3CA;RICTOR;ULK1;PTEN;TFEB;GSK3B
prerank,NRF2 Pathway WP2884,-0.3602636359202244,-1.2071628698233103,0.1830065359477124,0.49035527020987957,1.0,10/55,8.00%,TXN;HSP90AB1;SLC2A1;PRDX1;GPX3;MAFF;SLC39A14;MGST2;GSTP1;MGST3
prerank,Mechanoregulation And Pathology Of YAP TAZ Via Hippo And Non Hippo Mechanisms WP4534,0.4232928148799732,1.2036360617546038,0.20502901353965183,0.32626260149604613,1.0,6/25,11.60%,LIMD1;SGMS1;LATS1;CTNNB1;STK3;ITGB2
prerank,Notch Signaling Pathway WP61,0.3859655762886554,1.1976033866617657,0.19029126213592232,0.33399743441624197,1.0,11/37,18.55%,STAT3;EP300;JAK2;NUMB;NCOR1;HES1;PIK3R1;MAML1;ADAM17;PSEN1;MAML2
prerank,Amino Acid Metabolism WP3925,-0.3824917416079601,-1.1902928373141015,0.1970954356846473,0.5193341930392814,1.0,15/39,23.95%,SMS;LDHA;ODC1;HNMT;MDH1;MDH2;MAOA;GLUD1;SRM;CS;OAT;HIBCH;HADH;FH;SUCLG1
prerank,N Glycan Biosynthesis WP5153,-0.40871118490829983,-1.1900405112021981,0.1991701244813278,0.5081573469001525,1.0,10/31,20.44%,ALG5;DDOST;DAD1;SRD5A3;ALG2;STT3A;DPM1;B4GALT1;PMM2;GANAB
prerank,MECP2 And Associated Rett Syndrome WP3584,0.38353846630082294,1.188748769964059,0.2033898305084746,0.34595973924293855,1.0,14/40,20.03%,CREB1;MPP1;FKBP5;NREP;REST;TAF1;NCOR1;SP3;BCL6;UBE3A;SP1;IGF1;CEBPD;TET2
prerank,IL 26 Signaling Pathways WP5347,0.3982868418654704,1.1886435835925853,0.20872865275142316,0.34398419559196103,1.0,8/30,19.48%,STAT3;MAPK14;MAPK3;JAK2;PIK3CA;DDIT3;SOCS3;ICAM1
prerank,Physiological And Pathological Hypertrophy Of The Heart WP1528,0.4702869678539441,1.1868582667261944,0.2575187969924812,0.3448074820796498,1.0,4/16,8.25%,STAT3;PRKCB;MAPK14;PPP3CA
prerank,Sphingolipid Pathway WP1422,0.4637518763799675,1.1854527885031738,0.2568627450980392,0.3450708400474294,1.0,5/17,15.84%,ASAH1;SGMS1;SPTLC2;SPTLC1;CERS2
prerank,Hematopoietic Stem Cell Gene Regulation By GABP Alpha Beta Complex WP3657,0.4685090594622735,1.1842846583108608,0.24107142857142858,0.34467545823764584,1.0,5/17,11.79%,MCL1;ATM;FOXO3;EP300;SMARCA4
prerank,Circadian Rhythm Genes WP3594,0.32132584840983186,1.1829815583726937,0.14285714285714285,0.3448528641742591,1.0,19/97,14.39%,PROK2;CPT1A;EGR1;NCOA2;ROCK2;CREB1;EGR3;KMT2A;SETX;KDM5A;EP300;SIRT1;NCOR1;NAMPT;ARNT;PML;UBE3A;HEBP1;KLF10
prerank,BDNF TrkB Signaling WP3676,0.44889951819489005,1.181874688322472,0.26542056074766357,0.34445537062090004,1.0,6/19,14.75%,CREB1;GAB2;TSC2;SOS1;RPS6KA1;MKNK1
prerank,One Carbon Metabolism WP241,-0.47608508670379995,-1.1803420072964932,0.24203821656050956,0.520363216701734,1.0,5/15,16.44%,DNMT1;MTHFD1L;ATIC;AHCY;TYMS
prerank,Retinoblastoma Gene In Cancer WP2446,-0.3545062024475504,-1.1803096780120557,0.19206680584551147,0.5091042153008125,1.0,14/52,16.44%,RPA3;DNMT1;TFDP1;HMGB1;STMN1;WEE1;MCM4;CDKN1A;HMGB2;SMC2;CDK1;RPA2;TOP2A;TYMS
prerank,PDGF Pathway WP2526,0.38905396329175035,1.1793468261941549,0.21834862385321102,0.34662838674083135,1.0,9/33,16.85%,STAT3;MAP3K1;RASA1;MAPK3;SOS1;VAV1;PIK3R1;PDGFRB;RAF1
prerank,Hedgehog Signaling Pathway WP4249,0.4573016684339726,1.1783166673436603,0.2567049808429119,0.34633974661945843,1.0,8/18,26.77%,CSNK1G3;ARRB2;SPOP;CSNK1G1;PRKACA;CSNK1G2;SPOPL;ARRB1
prerank,Antiviral And Anti Inflammatory Effects Of Nrf2 On SARS CoV 2 Pathway WP5113,0.4633197438491797,1.1738013163956025,0.2600732600732601,0.35160495437100936,1.0,4/16,17.24%,RXRA;IRF3;HMOX1;IKBKB
prerank,Sudden Infant Death Syndrome SIDS Susceptibility Pathways WP706,0.33549261276434783,1.1670700946304962,0.20647773279352227,0.360501398467848,1.0,16/69,16.82%,POU2F2;CPT1A;EGR1;CREB1;EP300;REST;CTNNB1;ECE1;HES1;SP3;PRKAR1A;SP1;PKNOX1;YWHAB;VAMP2;IL6R
prerank,Cytosolic DNA Sensing Pathway WP4655,-0.3681148123477701,-1.1654365717778632,0.22016460905349794,0.5336025348015299,1.0,14/39,21.23%,POLR2L;ISG15;CCL4L2;POLR2K;ATG5;POLR2F;POLR2H;IL6;CXCL10;POLR3K;POLR2E;NFKB1;IRF7;CCL4
prerank,miRNA Regulation Of DNA Damage Response WP1530,-0.3691808223526982,-1.165124063078615,0.23493975903614459,0.5232384194061919,1.0,9/40,14.26%,CYCS;GADD45A;GADD45G;GADD45B;BID;BAX;CDKN1A;CDK1;RPA2
prerank,Influence Of Laminopathies On Wnt Signaling WP4844,0.41385660936719404,1.163939858525068,0.24053030303030304,0.3636304655637452,1.0,7/24,19.18%,DICER1;CTNNB1;APC;HES1;TCF7L2;CEBPD;ICMT
prerank,DNA Damage Response WP707,-0.36893648409354796,-1.1596005121844688,0.23935091277890466,0.5254306293526128,1.0,9/40,14.26%,CYCS;GADD45A;GADD45G;GADD45B;BID;BAX;CDKN1A;CDK1;RPA2
prerank,Ferroptosis WP4313,-0.3546220598438772,-1.1578214034771814,0.21212121212121213,0.5190488383225533,1.0,12/48,12.88%,CP;MAP1LC3B;VDAC2;PHKG2;SLC39A14;GPX4;HMGCR;SLC38A1;ACSL5;ATG5;CHMP5;COQ2
prerank,Network Map Of SARS CoV 2 Signaling Pathway WP5115,0.3059093117402217,1.1574624708662509,0.147117296222664,0.3723424637843593,1.0,19/116,11.35%,NLRP1;EGR1;HP;PIAS1;TNFSF10;CD163;FYN;PTPN6;CXCL12;LARP1;MAVS;NFATC3;JAK2;NLRP3;CD14;BTN3A1;VPS16;JUNB;IRF3
prerank,Interactions Between Immune Cells And microRNAs In Tumor Microenvironment WP4559,0.43372964333458713,1.1566063942336606,0.25680933852140075,0.37159271175558484,1.0,6/19,12.54%,STAT3;TLR4;TLR8;IL4R;TLR7;STAT6
prerank,Gastric Cancer Network 2 WP2363,-0.4324651692561347,-1.1538722630166929,0.2716297786720322,0.5179836972027058,1.0,3/19,7.74%,CACYBP;UBE2C;ATAD2
prerank,Glucocorticoid Receptor Pathway WP2880,-0.3629781222537771,-1.1496794317778816,0.22950819672131148,0.517748432671006,1.0,7/41,7.30%,ALOX5AP;PTGES3;SLC26A2;SERPINB9;GADD45B;CCL2;BHLHE40
prerank,IL 24 Signaling Pathway WP5413,-0.2920828587372378,-1.1493320064127568,0.15051546391752577,0.508776724063509,1.0,20/160,7.81%,TXN;CYCS;FBP1;CD40;PDIA3;GADD45A;HSPA5;DSTN;EEF1E1;GADD45G;HSP90B1;CD80;SRC;HSPE1;BRCA2;HLA-DRB1;MMP9;ODC1;BAX;PARK7
prerank,Regucalcin In Proximal Tubule Epithelial Kidney Cells WP4838,0.4370403402561197,1.146744633731857,0.28433268858800775,0.3865254203988684,1.0,11/18,34.64%,TNFRSF1A;RAF1;PIK3CA;CASP8;APAF1;SMAD4;BRAF;MAPK1;AKT1;SMAD2;MAP3K5
prerank,Novel Intracellular Components Of RIG I Like Receptor Pathway WP3865,0.3619886873767451,1.1397929567454599,0.23302752293577983,0.3965570209706055,1.0,12/40,18.80%,MAPK14;MAP3K1;CXCL12;MAVS;AZI2;DDX17;IRF3;TBK1;CASP10;IKBKB;RNF125;CASP8
prerank,Ciliary Landscape WP4352,-0.2966552257825078,-1.1380664580616873,0.1875,0.5249236289179736,1.0,28/125,13.71%,LSM4;COX6C;SNRPB2;DYNLT3;NDUFA9;ECHS1;MCM5;MYL6B;NDUFA5;COPS4;AIMP1;DYNLL1;WEE1;PSMD12;MCM4;ARL8B;EIF5B;VPS4A;COPS2;PSMC4;NUDC;CNOT1;DYNLT1;ARFGAP3;SSNA1;MFAP1;CALM1;MYL6
prerank,Cholesterol Metabolism With Bloch And Kandutsch Russell Pathways WP4718,0.38844564766099965,1.1335371520123962,0.26705653021442494,0.40522918316815587,1.0,3/27,9.44%,ACSL1;FADS1;ELOVL5
prerank,Nsp1 From SARS CoV 2 Inhibits Translation Initiation In The Host Cell WP5027,-0.44179584670071204,-1.1296674808039935,0.31941544885177453,0.5341267102318902,1.0,5/15,24.52%,EIF1AX;EIF3J;EIF2S2;EIF3I;EIF1
prerank,PI3K AKT mTOR Vitamin D3 Signaling WP4141,0.4460205477939492,1.129435543668788,0.3047808764940239,0.4102248912028131,1.0,3/16,5.56%,RXRA;SLC2A3;TSC2
prerank,Nuclear Receptors Meta Pathway WP2882,-0.2912301543809063,-1.1277439346110834,0.20386266094420602,0.5290606228798532,1.0,24/147,8.77%,TXN;ALOX5AP;HSP90AB1;PTGES3;SLC26A2;SLC2A1;PRDX1;GPX3;DBI;SERPINB9;SRC;MAFF;MGST1;GADD45B;SLC39A14;CCL2;CDC37;MGST2;GSTP1;BHLHE40;BAX;MGST3;MYOF;SCP2
prerank,Prostaglandin Signaling WP5088,-0.4013968908697989,-1.126429418644595,0.2860125260960334,0.5231303290789566,1.0,8/24,20.54%,CXCL1;CCL2;MMP9;CCL3;IL6;CXCL10;NFKB1;IRF7
prerank,G1 To S Cell Cycle Control WP45,-0.3665821798530853,-1.1243165150158283,0.2749003984063745,0.5184813106265953,1.0,10/36,14.26%,RPA3;GADD45A;TFDP1;MCM5;WEE1;MCM4;MNAT1;CDKN1A;CDK1;RPA2
prerank,Endometrial Cancer WP4155,0.35281335535440783,1.1242817117660104,0.26019417475728157,0.4173127690162745,1.0,14/43,17.71%,AKT3;AKT2;FOXO3;PIK3CD;MAPK3;SOS1;CTNNB1;APC;TCF7L2;PIK3R1;POLK;SOS2;RAF1;PIK3CA
prerank,Integrated Cancer Pathway WP1971,0.3850767476610658,1.1124453188949632,0.3008130081300813,0.4379495737988563,1.0,4/26,8.34%,CDKN1B;ATM;POU2F1;BACH1
prerank,Type II Interferon Signaling WP619,-0.3734737123245811,-1.1109666508107807,0.28775510204081634,0.5399135400193932,1.0,8/31,19.07%,IFIT2;ISG15;PSMB9;SOCS1;TAP1;CXCL10;IFI6;IRF8
prerank,Fatty Acid Beta Oxidation WP143,0.4157421759711013,1.1031589074700832,0.3234714003944773,0.4529948862077738,1.0,3/19,2.82%,ACSL1;CPT1A;GK
prerank,TROP2 Regulatory Signaling WP5300,0.37419557220794886,1.1009622081078343,0.3,0.4545164330667964,1.0,8/32,16.70%,PECAM1;CDKN1B;ABCC1;JAK2;CTNNB1;PIK3R1;IGF1;MDK
prerank,Vitamin D Receptor Pathway WP2877,0.3128117347256137,1.1003593765859485,0.26859504132231404,0.45326216320743873,1.0,18/74,13.07%,RXRA;S100A8;CDKN1B;S100A9;LRRC25;MX2;LPGAT1;G6PD;CLMN;ADGRE5;TREM1;CD14;JUNB;IGFBP5;MYO9B;ITGAM;BCL6;ATP2B1
prerank,Hepatitis C And Hepatocellular Carcinoma WP3646,0.365822696611262,1.0938617645761417,0.2982456140350877,0.4638000432404677,1.0,6/34,16.82%,STAT3;MAPK14;MAPK3;SOS1;COL4A2;IL6R
prerank,CKAP4 Signaling Pathway Map WP5322,0.3077182842793148,1.0935445791245095,0.2596899224806202,0.46176085382304954,1.0,25/66,28.36%,CDKN1B;MAPK14;CASP4;TNFRSF1A;ATM;CTNNB1;PTK2B;SP1;DUSP6;CKAP4;IL6R;PIK3CA;CASP8;APAF1;MAPKAPK3;SMAD4;GOLPH3;PTEN;RAD9A;GSK3B;TGFBR2;MAPK1;SMAD3;JUN;ZEB1
prerank,Hippo Merlin Signaling Dysregulation WP4541,0.33381534927623463,1.0926142858478112,0.30831643002028397,0.4610226886609483,1.0,16/50,22.74%,ITGAL;LATS1;ITGAX;CTNNB1;PPP1R12A;STK3;ITGAM;ITGB2;PRKAR1A;LATS2;PDGFRB;CSF1R;ITGB5;ITGA4;PRKACA;PRKAR2A
prerank,Intracellular Trafficking Proteins Involved In CMT Neuropathy WP4856,0.4226299348284432,1.0901759791422547,0.34124087591240876,0.46321290076694793,1.0,4/16,19.23%,FGD4;SBF2;MFN2;EGR2
prerank,Netrin UNC5B Signaling Pathway WP4747,0.3642491320571111,1.0863979233937284,0.3371868978805395,0.4685190411543795,1.0,9/30,19.48%,MAPK14;FYN;INPP5D;MAPK3;COL1A1;PTK2B;RAF1;PIK3CA;ICAM1
prerank,Base Excision Repair WP4752,-0.43503334991010084,-1.084097426727034,0.35824175824175825,0.5945113013533422,1.0,5/15,19.16%,HMGB1;POLE3;POLE4;APEX1;POLD2
prerank,Factors And Pathways Affecting Insulin Like Growth Factor IGF1 Akt Signaling WP3850,0.3911847436054236,1.0809729237383439,0.3587174348697395,0.4769929669415851,1.0,12/23,33.52%,TNFRSF1A;IGFBP5;IGF1;PLD1;RICTOR;PTEN;WASL;GSK3B;SMAD3;PIK3CG;AKT1;SMAD2
prerank,Apoptosis Modulation And Signaling WP1772,0.32354276144629784,1.0808874529365908,0.3176691729323308,0.47461761118428647,1.0,15/56,21.56%,MCL1;TNFSF10;TNFRSF1B;NAIP;CASP4;TNFRSF1A;MAPK3;XIAP;MYD88;CASP10;IKBKB;CASP8;APAF1;MADD;IL1R2
prerank,VEGFA VEGFR2 Signaling WP3888,-0.2540101582429164,-1.0793011010732079,0.22319474835886213,0.5965392128074237,1.0,52/305,15.15%,TXN;TUBA1C;CYCS;LRRC59;SDF2L1;HYOU1;SSR4;TMSB10;SSR3;PDIA6;CALR;NCL;AP2S1;SRC;IGFBP7;HMGB1;CDC42;LMAN1;TMSB4X;ARF4;ARF6;CCL2;STIP1;SET;RCAN1;PLAU;TBCA;PTMA;LDHA;ANXA1;YWHAE;SLC7A1;P4HB;IDH2;PFN1;CFL1;PPP2CA;PRKRA;CCDC124;PDE4DIP;STAM;HRAS;ZC3H15;SLC25A11;GLUD1;DNAJB9;DUSP5;SLC25A25;RPLP2;EZR;RBM39;MYO1C
prerank,Chromosomal And Microsatellite Instability In Colorectal Cancer WP4216,-0.3220496973452472,-1.0755424009802157,0.3410041841004184,0.5964179532197554,1.0,5/55,3.75%,CYCS;GADD45A;GADD45G;RALA;GADD45B
prerank,Bladder Cancer WP2828,-0.36348591482333237,-1.0752537040060308,0.3538135593220339,0.5878062611004822,1.0,5/28,12.27%,SRC;DAPK1;MMP9;CDKN1A;HRAS
prerank,ncRNAs Involved In Wnt Signaling In Hepatocellular Carcinoma WP4336,0.3544425783065769,1.0738826143581417,0.34022556390977443,0.4866364626508202,1.0,11/34,18.25%,SFRP4;CCND3;CTNNB1;FRAT1;CTBP2;APC;TCF7L2;CTBP1;CHD8;RYK;FRAT2
prerank,Angiotensin II Receptor Type 1 Pathway WP5036,0.4133573277860929,1.0734597672972448,0.3549618320610687,0.4848827720446064,1.0,8/17,27.38%,COL1A1;SP1;RAF1;RRAS;SMAD4;TGFBR2;MAPK1;SMAD3
prerank,3Q29 Copy Number Variation Syndrome WP4906,0.3543557448913087,1.0733743638641133,0.3586337760910816,0.4825320092870487,1.0,8/37,14.43%,STAT5B;ADAM10;PXN;SLC40A1;SIRT1;STAT5A;CEP350;MYCBP2
prerank,Nanoparticle Triggered Autophagic Cell Death WP2509,0.42745574531395136,1.0719855148623014,0.36015325670498083,0.4829973484987895,1.0,7/16,25.03%,TSC2;ATG7;BECN1;SH3GLB1;ULK1;VMP1;ATG14
prerank,Metabolic Reprogramming In Colon Cancer WP4290,-0.34361096672662184,-1.0698854929872688,0.3369330453563715,0.5915850746434814,1.0,14/36,25.94%,SLC2A1;LDHA;IDH2;RPIA;MDH2;GLUD1;TIGAR;SLC1A5;IDH3A;PAICS;SDHB;FH;PYCR2;PGK1
prerank,2Q37 Copy Number Variation Syndrome WP5224,0.3104465498851201,1.061683600614364,0.3389513108614232,0.5012162177434875,1.0,11/66,15.00%,CYTH4;RAB27A;RNPEPL1;CXCL12;DGKD;GMEB1;ITPK1;HES1;DISC1;LRRFIP1;ARF1
prerank,2Q13 Copy Number Variation Syndrome WP5222,-0.34927266718101513,-1.0594630056557555,0.3389473684210526,0.6074180197662001,1.0,13/33,20.75%,POLR2L;LGALS3;ARF6;IL1RN;SOCS1;POLR2K;POLR2F;POLR2H;IL6;IL1R1;POLR2E;RAC1;CHCHD5
prerank,Fas Ligand Pathway And Stress Induction Of Heat Shock Proteins WP314,-0.3447729189291003,-1.056280805201659,0.340080971659919,0.6059796423495534,1.0,2/35,2.63%,CYCS;LMNA
prerank,Smith Magenis And Potocki Lupski Syndrome Copy Number Variation WP5381,0.2879875393699283,1.0562431176699612,0.3366733466933868,0.5095068591458657,1.0,27/90,27.67%,STAT3;TLR4;CREB1;MKLN1;TFE3;TOP3A;USP8;ITPK1;PPP1R12A;WDR26;FLII;BCL6;RAB10;MYD88;CLTC;ROCK1;MPRIP;ULK1;HBP1;RNF41;PTEN;TFEB;RRAGA;PRKAA1;SMCR8;FLCN;JUN
prerank,Modulators Of TCR Signaling And T Cell Activation WP5072,0.3421854252487634,1.053100929314015,0.35946462715105165,0.5133793312909983,1.0,10/37,21.68%,CDKN1B;DGKA;PTPN6;VAV1;AGO1;PIK3R1;DGKZ;IKBKB;ZFP36L1;RASA2
prerank,Acute Viral Myocarditis WP4298,0.3093206279061289,1.0487406535959052,0.36142322097378277,0.5197504127190499,1.0,10/58,7.65%,STAT3;TLR4;TLR5;CREB1;RASA1;FYN;ITGAL;PABPC1;MAPK3;SOS1
prerank,Burn Wound Healing WP5055,0.3257512505076608,1.044025438021405,0.37258687258687256,0.5261879759797123,1.0,10/44,14.17%,PECAM1;TLR4;S100A9;F13A1;CXCL12;HGF;COL1A1;MMP2;MYD88;PDGFRB
prerank,Fluoropyrimidine Activity WP1601,0.41725299428013574,1.043191598729456,0.408,0.5252152440435601,1.0,5/15,18.68%,MTHFR;DPYD;CES1;CDA;ABCC5
prerank,Endoderm Differentiation WP2853,0.30797407388692255,1.0413261718035147,0.3852295409181637,0.526106689577804,1.0,24/65,28.43%,PIAS1;HHEX;PABPC1;BPTF;DIP2A;CTNNB1;CTBP2;APC;ZNF281;DAB2;MBTD1;TRERF1;WDFY2;CUL4B;EXT1;PARP8;SMAD4;SESN1;UBR5;FOXN3;SMAD3;PHF6;PBX1;EMSY
prerank,NO cGMP PKG Mediated Neuroprotection WP4008,-0.40453629556013593,-1.0394426693685705,0.40286298568507156,0.6379310545361738,1.0,3/16,8.29%,CYCS;PPID;CAMK2D
prerank,Arrhythmogenic Right Ventricular Cardiomyopathy WP2118,-0.36127430597391147,-1.0382864340167102,0.39243027888446214,0.6313320244993809,1.0,6/25,14.13%,LMNA;ITGB8;CACNA2D3;ITGA6;ITGB7;ATP2A2
prerank,TNF Alpha Signaling Pathway WP231,0.2947348002152672,1.0330685643879332,0.37884615384615383,0.5406006647607693,1.0,9/70,7.65%,GLUL;TNFRSF1B;PYGL;MAP3K3;MAP3K1;TNFRSF1A;TAB3;MAPK3;SOS1
prerank,Alpha 6 Beta 4 Signaling Pathway WP244,0.3788858397406748,1.0311737203036369,0.4109848484848485,0.5420381222643575,1.0,5/21,12.69%,MAPK14;IRS2;MAPK3;SOS1;PIK3R1
prerank,Follicle Stimulating Hormone FSH Signaling Pathway WP2035,0.38828405794291276,1.0235429101584042,0.4362934362934363,0.55519131373324,1.0,7/19,20.76%,MAPK14;CREB1;TSC2;MAPK3;GRK6;RAF1;PRKACA
prerank,Pathogenic Escherichia Coli Infection WP2272,-0.32238908350961437,-1.0208690698062017,0.4088050314465409,0.6647141211697912,1.0,12/40,15.03%,TUBA1C;NCL;TUBB4B;CDC42;ARPC3;TUBB2A;ARPC4;TUBB;KRT18;TUBB6;EZR;ARPC2
prerank,Aryl Hydrocarbon Receptor Pathway WP2873,-0.35909198691669103,-1.013846525044924,0.4313304721030043,0.6726771619732533,1.0,6/25,8.44%,PTGES3;SRC;MGST1;CDC37;BAX;MYOF
prerank,Extracellular Vesicle Mediated Signaling In Recipient Cells WP2870,0.3888759175040177,1.0085927672630268,0.4482758620689655,0.5842740630858053,1.0,11/17,33.52%,HGF;CTNNB1;APC;RAF1;SMAD4;TGFBR2;SMAD3;MFGE8;WNT5A;AKT1;SMAD2
prerank,miRNA Role In Immune Response In Sepsis WP4329,0.3324233484994519,1.0073977525756466,0.4389312977099237,0.5837794262537136,1.0,8/31,22.42%,TLR4;MAPK14;TLR8;TLR7;MYD88;IKBKB;ICAM1;IRF1
prerank,Inhibition Of Exosome Biogenesis And Secretion By Manumycin A In CRPC Cells WP4301,0.3929658728677534,1.0063204790137767,0.4713740458015267,0.5830897187950108,1.0,10/17,36.13%,RAB27A;MAPK3;RAF1;RRAS;BRAF;MAPK1;RAB5B;PDCD6IP;HGS;RAB5C
prerank,10Q11 21Q11 23 Copy Number Variation Syndrome WP5352,0.35153115793189377,1.001966863995876,0.45121951219512196,0.5893373448008007,1.0,6/29,18.96%,SMARCC2;NLRP3;SIRT1;UVSSA;PARG;SF3B1
prerank,4P16 3 Copy Number Variation WP5365,0.3928795033617851,0.99969316439711,0.4661508704061896,0.5914519577228852,1.0,7/16,29.38%,MAPK3;SOS1;PIK3R1;NELFB;FRS2;MAPK1;CBL
prerank,lncRNA In Canonical Wnt Signaling And Colorectal Cancer WP4258,0.3244512356677654,0.9989612867130269,0.4605009633911368,0.5902621722293673,1.0,16/38,27.67%,SFRP4;CCND3;CTNNB1;FRAT1;CTBP2;APC;TCF7L2;CTBP1;CHD8;RYK;FRAT2;HNRNPU;GSK3B;FOSL1;CDK6;JUN
prerank,Autophagy In Pancreatic Ductal Adenocarcinoma WP5331,0.38433043508454734,0.9947201217442387,0.452755905511811,0.5963976754136081,1.0,3/18,6.58%,STAT3;ATG7;TFE3
prerank,TAR Syndrome WP5362,-0.3311699059805869,-0.9930900156025863,0.45081967213114754,0.7148592513590678,1.0,3/32,3.03%,TXN;MAGOH;EIF4A3
prerank,Vasopressin Regulated Water Reabsorption WP5085,0.3351895362663581,0.9928029962907284,0.47572815533980584,0.5975306987181436,1.0,3/30,6.56%,CREB1;DYNC1LI2;DYNC1H1
prerank,Relationship Between Inflammation COX 2 And EGFR WP4483,0.3651190764608515,0.9818013951254398,0.4726930320150659,0.6183322061749851,1.0,4/19,7.52%,AKT3;AKT2;PIK3CD;MAPK3
prerank,Oxidative Stress Response WP408,-0.3582356917669247,-0.9811591342735619,0.4518664047151277,0.7355110378839325,1.0,3/21,3.52%,MT1X;GPX3;MGST1
prerank,White Fat Cell Differentiation WP4149,0.3579179590359935,0.9809843278417161,0.462,0.6171466069021632,1.0,9/21,20.75%,CREB1;STAT5B;KLF2;STAT5A;IRF3;DDIT3;CEBPD;EGR2;NR2F2
prerank,IL 18 Signaling Pathway WP4754,0.30906296694716834,0.978579620130773,0.4980694980694981,0.6193578358274011,1.0,16/41,27.18%,PRKCB;TNFRSF1A;MAPK3;CTNNB1;NCF2;PIK3R1;MAP2K7;MYD88;SP1;IKBKB;CASP8;IRF1;PTEN;GSK3B;PRKAA1;MAPK1
prerank,T Cell Activation SARS CoV 2 WP5098,0.29363765230167005,0.9745612215964,0.4826923076923077,0.6249816431976861,1.0,20/49,27.67%,FYN;FOXO3;PIK3CD;TSC2;MAPK3;SOS1;JAK2;IRF2BPL;PTPRC;PIK3R1;MYD88;RAF1;IKBKB;RICTOR;PTEN;GSK3B;IFNAR1;TYK2;MAPK1;JUN
prerank,Cholesterol Biosynthesis Pathway In Hepatocytes WP5329,0.3472842282368394,0.9712484354042923,0.5037878787878788,0.6289329115674865,1.0,2/22,9.44%,ACSL1;ELOVL5
prerank,Sphingolipid Metabolism In Senescence WP5121,0.38239236312539476,0.9710834061019767,0.49407114624505927,0.626297438977853,1.0,4/17,15.84%,PRKCB;ASAH1;SPTLC1;CERS2
prerank,Primary Ovarian Insufficiency WP5316,0.2911648740743687,0.970215934014238,0.5121951219512195,0.6253540765021605,1.0,10/54,14.04%,ATM;CXCL12;FOXO3;TSC2;ATG7;SIRT1;MMP2;DIAPH2;OSR2;UBR2
prerank,Envelope Proteins And Their Potential Roles In EDMD Physiopathology WP4535,0.33151662159627276,0.9679249884829126,0.49536178107606677,0.6274510673301377,1.0,13/31,28.08%,SYNE1;MAPK3;SOS1;SOS2;ADCY7;SYNE3;PLEC;TMEM43;SMAD4;SRF;MAPK1;SMAD3;ADCY3
prerank,Target Of Rapamycin Signaling WP1471,-0.3466474851833582,-0.9637698628835702,0.5061475409836066,0.770140960455036,1.0,3/23,6.59%,CDC42;RHEB;HMGCR
prerank,Cardiomyocyte Signaling Pathways Converging On Titin WP5344,0.38874017241772735,0.9620251562513945,0.5401459854014599,0.6370042678322912,1.0,9/15,36.43%,PRKAR1A;RAF1;PRKACA;SRF;MAPK1;NBR1;NUP62;GUCD1;MAP2K2
prerank,Heart Development WP1591,0.38761726205082886,0.9544048135360615,0.5298372513562387,0.65052868537976,1.0,7/15,27.18%,NFATC3;CTNNB1;NFATC2;SMAD4;BMPR2;SRF;MAPK1
prerank,Ebola Virus Infection In Host WP4217,0.2629795857073324,0.9529445040757183,0.55,0.6509004628405239,1.0,21/96,18.93%,TLR4;HLA-E;FLNA;MERTK;HLA-A;PIK3CD;EP300;MAPK3;ICAM3;EPS15;VPS16;IQGAP1;IRF3;PIK3R1;ICAM2;CLTC;TBK1;ADAM17;PIK3CA;SOCS3;CD300A
prerank,17Q12 Copy Number Variation Syndrome WP5287,-0.33305316411433705,-0.9504651278704459,0.5433884297520661,0.7947333598307136,1.0,4/27,6.52%,DDX52;CCL2;CCL3;CCL4L2
prerank,Prostaglandin And Leukotriene Metabolism In Senescence WP5122,-0.3570533647306062,-0.9496445954901606,0.5387931034482759,0.7863738074298374,1.0,4/19,13.63%,ALOX5AP;CDKN1A;HRAS;PTGS1
prerank,Endochondral Ossification With Skeletal Dysplasias WP4808,0.3323796423036279,0.9472523904501372,0.5342205323193916,0.657364081084498,1.0,3/25,4.92%,STAT5B;CAB39;CDKN1C
prerank,Endochondral Ossification WP474,0.3323796423036279,0.9472523904501372,0.5342205323193916,0.657364081084498,1.0,3/25,4.92%,STAT5B;CAB39;CDKN1C
prerank,Head And Neck Squamous Cell Carcinoma WP4674,0.2852150569166557,0.9470822205483771,0.5681818181818182,0.6547381728510304,1.0,16/51,27.63%,AKT3;AKT2;TSC2;NUMB;CTNNB1;PIK3R1;MAML1;PIK3CA;CASP8;RICTOR;SMAD4;PTEN;SESN1;TGFBR2;PRKAA1;CDK6
prerank,Melatonin Metabolism And Effects WP3298,0.35626954877764994,0.9458085856087807,0.5532710280373832,0.6545687051932507,1.0,3/18,9.63%,SULT1A1;SIRT1;ECE1
prerank,Lung Fibrosis WP3624,-0.312060566021089,-0.9437013935065037,0.5315904139433552,0.7912614774716077,1.0,6/35,7.39%,MT2A;CCL2;MMP9;PLAU;CCL3;EDN1
prerank,TGF Beta Signaling Pathway WP366,0.2544546053715969,0.9428750681216527,0.5700575815738963,0.6580005738651911,1.0,17/100,14.39%,PIAS1;MAPK14;NUP214;ZFYVE16;EP300;LIMK2;SOS1;TGFB1I1;WWP1;ZEB2;JUNB;RBL2;PML;PIK3R1;DAB2;SP1;KLF10
prerank,Physico Chemical Features And Toxicity Associated Pathways WP3680,0.30210076328120306,0.9421653761704738,0.5559772296015181,0.6565433299889534,1.0,7/36,10.81%,CDKN1B;ROCK2;SOS1;CTNNB1;STAT5A;APC;DAAM1
prerank,AGE RAGE Pathway WP2324,0.2813524198800493,0.9385464716921639,0.5823754789272031,0.6615704110358619,1.0,14/50,19.44%,STAT3;PRKCB;MAPK14;STAT5B;MAPK3;JAK2;STAT5A;MMP2;MYD88;SP1;RAF1;IKBKB;CASP8;ROCK1
prerank,NAD Metabolism In Oncogene Induced Senescence And Mitochondrial Dysfunction Associated Senescence WP5046,-0.3636811563789863,-0.9383423338025443,0.5301204819277109,0.7948214742942387,1.0,5/16,18.03%,SLC2A1;MDH1;MDH2;IL6;HMGA1
prerank,Microtubule Cytoskeleton Regulation WP2038,0.3215701359951072,0.9371394672318081,0.5529411764705883,0.6615168751892682,1.0,12/30,24.60%,STAT3;MARK2;APC;CLIP1;TAOK1;PIK3CA;ROCK1;GNAQ;PRKACA;PTEN;TRIO;GSK3B
prerank,P38 MAPK Signaling Pathway WP400,0.3272874235897543,0.9368946544574295,0.5611650485436893,0.6591495460550985,1.0,4/28,7.30%,MAPK14;MAP3K1;CREB1;MAPKAPK5
prerank,Pancreatic Adenocarcinoma Pathway WP4263,0.27091098282538517,0.9334567907778842,0.5939278937381404,0.6637271793202346,1.0,16/66,17.71%,STAT3;AKT3;AKT2;PIK3CD;ARHGEF6;MAPK3;RALB;E2F3;PIK3R1;POLK;DUSP6;PLD1;RAC2;RAF1;IKBKB;PIK3CA
prerank,Overlap Between Signal Transduction Pathways Contributing To LMNA Laminopathies WP4879,0.29973077895205047,0.9330830133506884,0.5757575757575758,0.6614825913789024,1.0,6/36,11.54%,DICER1;CTNNB1;APC;HES1;JUNB;TCF7L2
prerank,Interactome Of Polycomb Repressive Complex 2 PRC2 WP2916,0.3737626277832552,0.9324454154210666,0.5813953488372093,0.6598841299367278,1.0,3/15,12.96%,SETX;STK38;EZH1
prerank,ATM Signaling Pathway WP2516,-0.3423010856945715,-0.9292231176230303,0.5410526315789473,0.8076707562942215,1.0,4/21,12.25%,GADD45A;BID;CDKN1A;CDK1
prerank,Synaptic Vesicle Pathway WP2267,-0.34477415774368914,-0.9256706502573754,0.5496828752642706,0.806267124161169,1.0,3/18,7.99%,AP2S1;PARK7;SLC38A1
prerank,Photodynamic Therapy Induced HIF 1 Survival Signaling WP3614,-0.3213433999750606,-0.9217346126032211,0.5930735930735931,0.8061690805659768,1.0,5/27,7.59%,SLC2A1;LDHA;BID;EDN1;BAX
prerank,Ebstein Barr Virus LMP1 Signaling WP262,0.3436138832752782,0.9210380678644672,0.5833333333333334,0.6810838883710983,1.0,8/19,36.30%,MAP3K3;IKBKB;MAPK1;HSP90AA1;IRAK1;MAP3K7;NFKB2;PDLIM7
prerank,Familial Partial Lipodystrophy WP5102,-0.3404550943637126,-0.9166382229100544,0.5756302521008403,0.8089534794385972,1.0,2/20,2.63%,KLF5;LMNA
prerank,IL1 And Megakaryocytes In Obesity WP2865,0.3450969804862172,0.9157236556360853,0.5648994515539305,0.6894141045667423,1.0,7/19,19.48%,S100A9;TLR2;TLR1;NLRP3;MYD88;PIK3CA;ICAM1
prerank,Endoplasmic Reticulum Stress Response In Coronavirus Infection WP4861,-0.30944779772525954,-0.9122260690342874,0.5838383838383838,0.8098405688767052,1.0,2/29,1.76%,PPP1R14B;HSPA5
prerank,Mammary Gland Development Pathway Pregnancy And Lactation Stage 3 Of 4 WP2817,0.3643790373465702,0.9077553434763963,0.5823754789272031,0.7028420992727338,1.0,2/15,9.78%,JAK2;USF2
prerank,Prostaglandin And Leukotriene Metabolism In Senescence WP5321,-0.3318932157961938,-0.8984104598013931,0.6263269639065817,0.8333166792768053,1.0,4/20,13.63%,ALOX5AP;CDKN1A;HRAS;PTGS1
prerank,A Network Map Of Macrophage Stimulating Protein MSP Signaling WP5353,0.26278575772295276,0.8975097255866765,0.6737044145873321,0.7207558557375522,1.0,20/60,27.67%,PRKCB;MAPK14;MAPK3;CTNNB1;ZEB2;PIK3R1;PDCD4;RPS6KA1;PDGFRB;CRKL;RAF1;PTEN;GSK3B;PDGFRA;COL4A1;RPS6KA3;MAPK1;SMAD3;RPS6KA5;JUN
prerank,TNF Related Weak Inducer Of Apoptosis TWEAK Signaling Pathway WP2036,0.2990147481884691,0.8909724606907731,0.6361904761904762,0.731460656642459,1.0,7/33,18.80%,MAPK14;AKT2;MAPK3;CTNNB1;RAF1;IKBKB;CASP8
prerank,Mesodermal Commitment Pathway WP2857,0.2618722889838659,0.8872993117846342,0.6706114398422091,0.7358241330814337,1.0,29/58,28.43%,PIAS1;MACF1;KDM6A;DIP2A;LATS1;JAK2;CTBP2;ZNF281;PRKAR1A;MBTD1;TRERF1;CCDC88A;WDFY2;CUL4B;EXT1;PRKACA;PARP8;SMAD4;SETD2;SESN1;UBR5;BMPR2;TWSG1;SRF;INHBA;SMAD3;PHF6;PBX1;EMSY
prerank,Melanoma WP4685,0.2692701175828544,0.8845184572357301,0.6546489563567363,0.7385364927035544,1.0,12/50,17.71%,CREB1;AKT3;AKT2;PIK3CD;MAPK3;SOS1;E2F3;PIK3R1;POLK;SOS2;RAF1;PIK3CA
prerank,Myometrial Relaxation And Contraction Pathways WP289,0.24754893569152378,0.8811750971731187,0.7231638418079096,0.7423073855332225,1.0,21/84,22.99%,PLCG2;PRKCB;CREB1;RGS2;IGFBP5;PRKAR1A;ARRB2;GNB4;SP1;PDE4D;DGKZ;CNN2;YWHAB;GRK6;ADCY7;GNB2;GNAQ;PRKACA;IGFBP6;PRKAR2A;ITPR2
prerank,Joubert Syndrome WP4656,0.29942294784416335,0.8807138337337543,0.6415441176470589,0.7401164072238606,1.0,8/30,21.75%,FLNA;ATM;NIN;PIBF1;PCNT;PCM1;MYO5A;RP2
prerank,Parkinson 39 S Disease Pathway WP2371,0.3229318948888696,0.8766035409775907,0.653179190751445,0.7454045053376985,1.0,4/20,5.95%,MAPK14;ATXN2;UBE2G2;LRRK2
prerank,Epithelial To Mesenchymal Transition In Colorectal Cancer WP4239,-0.2502070792363147,-0.8720714044044523,0.7382978723404255,0.8859006492373965,1.0,11/72,13.04%,GDF15;ID1;EZH2;STRAP;CLDN4;MMP9;ID2;CLDN7;TJP1;HRAS;EED
prerank,DNA IR Damage And Cellular Response Via ATR WP4016,0.2802984101650589,0.8634773737024843,0.6920077972709552,0.7687684163896226,1.0,11/42,24.15%,ATM;SMARCC2;TOP3A;HERC2;BCL6;PML;SP1;ATR;BRCC3;PPM1D;RAD9A
prerank,Folate Metabolism WP176,-0.29611872393148647,-0.8625580149643106,0.693069306930693,0.8973045573222777,1.0,8/28,19.45%,GPX3;CCL2;GPX4;IL6;RFK;AHCY;FLAD1;NFKB1
prerank,Cohesin Complex Cornelia De Lange Syndrome WP5117,-0.32577717473098994,-0.8619055256767364,0.6582809224318659,0.8882306324741537,1.0,1/19,0.15%,PTTG1
prerank,Inflammatory Response Pathway WP453,0.3498092797663507,0.8574240502715642,0.6728280961182994,0.7770742443584389,1.0,5/15,14.26%,TNFRSF1B;TNFRSF1A;IL4R;COL1A1;COL3A1
prerank,Immune Response To Tuberculosis WP4197,0.3203444405714955,0.8573867430332948,0.6794625719769674,0.7739505076629164,1.0,11/20,36.27%,PIAS1;JAK2;IRF1;PTPN2;IFNAR1;TYK2;OAS1;IFITM1;IFNAR2;JAK1;STAT2
prerank,One Carbon Metabolism And Related Pathways WP3940,0.3021764168233655,0.8512915383505755,0.6820809248554913,0.7823772274407924,1.0,4/25,8.35%,CSAD;MAT2A;MTHFR;CEPT1
prerank,Fatty Acids And Lipoproteins Transport In Hepatocytes WP5323,-0.33571215164047313,-0.8490179063252234,0.6868686868686869,0.9072420050341979,1.0,4/17,8.70%,VDAC1;DBI;NPC2;ACSL5
prerank,Unfolded Protein Response WP4925,-0.3014654200510331,-0.8449237459691593,0.6837606837606838,0.9055949213488149,1.0,11/22,33.35%,HSPA5;BID;XBP1;RTCB;TNFRSF10B;BCL2;PMAIP1;PPP1R15A;EIF2AK3;EIF2S1;TP53
prerank,Allograft Rejection WP2328,-0.25834435419862095,-0.8375940684788369,0.7620041753653445,0.9113391871991642,1.0,12/49,20.94%,CD40;CD80;HLA-DRB1;HLA-DMA;HLA-DQB1;HLA-DRA;GZMB;CD86;HLA-DQA1;TUBA1B;HLA-DPA1;HLA-DMB
prerank,Amyotrophic Lateral Sclerosis ALS WP2447,0.2964261497377312,0.8346927062775787,0.7052023121387283,0.8106502557227087,1.0,4/26,8.25%,MAPK14;TNFRSF1A;CAT;PPP3CA
prerank,Renin Angiotensin Aldosterone System RAAS WP4756,0.3106539538580844,0.8215914009326655,0.7056603773584905,0.8308888505118797,1.0,9/19,32.87%,PLCB2;CREB1;CAMK1D;GNAQ;ITPR2;CREB5;CAMK2G;ATF6B;ATF4
prerank,Nephrotic Syndrome WP4758,0.3119057513185417,0.8129486250698696,0.7292817679558011,0.8424700820206724,1.0,2/17,3.04%,ARHGAP24;MYH9
prerank,Bardet Biedl Syndrome WP5234,-0.31410925002374124,-0.8113468746921356,0.734020618556701,0.9542713586486616,1.0,1/19,0.61%,TMEM107
prerank,ATM Signaling In Development And Disease WP3878,0.2738904202380243,0.8006522599140626,0.8011363636363636,0.8596743851145667,1.0,15/31,35.54%,ATM;TSC2;G6PD;CEP63;ATR;PPM1D;ATMIN;HDAC4;DCLRE1C;PRKAA1;RNF40;RNF168;MAP3K5;STK11;LBR
prerank,Genetic Causes Of Porto Sinusoidal Vascular Disease WP5269,-0.2888116365491932,-0.7998275245592518,0.7589098532494759,0.965120744307403,1.0,8/24,19.80%,CHCHD2;CDC42;SBDS;CYBA;EIF6;NOTCH1;NFKB1;RAC1
prerank,Cholesterol Metabolism WP5304,-0.2625356427919206,-0.7982023566771628,0.8098159509202454,0.9578248478597267,1.0,9/34,20.49%,VDAC1;NPC2;HMGCR;CYP27A1;FDPS;APOC1;PMVK;DGAT1;SAR1B
prerank,Cell Interactions Of The Pancreatic Cancer Microenvironment WP5284,0.30514672971414436,0.791590187428619,0.7522935779816514,0.870528290413791,1.0,3/18,6.33%,IFITM2;CXCL12;CCR2
prerank,11P11 2 Copy Number Variation Syndrome WP5348,0.2841211309591504,0.7757631731716812,0.7992831541218638,0.8910305087151924,1.0,7/23,20.49%,PHF21A;CD82;REST;ITGB2;SDCBP;EXT1;ITGA4
prerank,10Q22Q23 Copy Number Variation WP5402,0.28750354622167373,0.774276187717009,0.7969639468690702,0.8896368500477527,1.0,2/20,4.74%,ADAM10;TSPAN14
prerank,Genes Related To Primary Cilium Development Based On CRISPR WP4536,-0.29164603399944344,-0.7735340727297811,0.8081023454157783,0.9915050567333074,1.0,5/22,14.03%,TMEM107;DYNLL1;TCTN3;DYNLT1;OFD1
prerank,Clear Cell Renal Cell Carcinoma Pathways WP4018,-0.23303266951867507,-0.7554115260814533,0.890495867768595,1.0,1.0,6/46,9.59%,SLC2A1;RHEB;CAMK1;LDHA;TPI1;MDH1
prerank,Type 2 Papillary Renal Cell Carcinoma WP4241,-0.2729830996210326,-0.7541751471786086,0.8490566037735849,0.9999050807019106,1.0,3/21,10.61%,SLC2A1;RBX1;CDKN1A
prerank,Enterocyte Cholesterol Metabolism WP5333,-0.2884044687280977,-0.7507550979990589,0.8081896551724138,0.9943239272898646,1.0,6/17,22.90%,HMGCR;FDPS;PMVK;DGAT1;SAR1B;IDI1
prerank,DNA IR Double Strand Breaks And Cellular Response Via ATM WP3959,-0.2519514393245237,-0.7456363864716419,0.8725701943844493,0.9911491952629676,1.0,6/32,14.32%,BRCA2;BID;BAX;ACTL6A;NABP2;TRIM28
prerank,Neurodegeneration With Brain Iron Accumulation NBIA Subtypes Pathway WP4577,-0.2545358921360211,-0.7429547846047305,0.8619246861924686,0.9843905166461699,1.0,5/27,14.39%,CP;RHEB;SCP2;ATG5;ATG101
prerank,Trans Sulfuration One Carbon Metabolism And Related Pathways WP2525,0.24907380448975047,0.7385579047268722,0.884990253411306,0.9332920583414639,1.0,4/31,8.35%,CSAD;MAT2A;MTHFR;CEPT1
prerank,miRNA Regulation Of P53 Pathway In Prostate Cancer WP3982,0.2852794858141682,0.7344722015459679,0.8389662027833003,0.9342837724318239,1.0,6/18,22.77%,ATM;SHISA5;ZMAT3;CASP8;APAF1;PTEN
prerank,Clock Controlled Autophagy In Bone Metabolism WP5205,-0.22963474341196036,-0.7317940543328476,0.908,0.9886102050484696,1.0,8/42,18.14%,MAP1LC3B;HMGB1;BHLHE40;ATG5;ATG101;IL6;TRAP1;NOTCH1
prerank,16P11 2 Proximal Deletion Syndrome WP4949,0.22246086538974086,0.7311640943199165,0.9096267190569745,0.934530215965867,1.0,11/50,22.77%,YPEL3;PARP4;BPTF;MAPK3;KMT2C;KMT2D;CASP8;CDIPT;MVP;MSN;PTEN
prerank,Prader Willi And Angelman Syndrome WP3998,0.2320185123040261,0.7298426881863322,0.9264990328820116,0.9323119356358882,1.0,13/40,29.49%,NUP214;HERC2;CYFIP1;UBE3A;PCM1;AHCTF1;MDM4;TPR;FEZ2;CDK6;TUBGCP2;FMR1;NUP50
prerank,SARS CoV 2 Innate Immunity Evasion And Cell Specific Immune Response WP5039,0.22008721622608957,0.7259563514421264,0.941747572815534,0.9328326188127345,1.0,10/47,18.80%,CXCL12;LARP1;MAVS;EP300;TLR7;IRF3;TBK1;IL6R;AP1G1;CASP8
prerank,NRF2 ARE Regulation WP4357,-0.2850501656450048,-0.7174764867752113,0.8553459119496856,0.9951517917775279,1.0,2/16,4.58%,SRC;RBX1
prerank,Calcium Regulation In Cardiac Cells WP536,0.213556055016719,0.7165279478105868,0.9435336976320583,0.9391491369543611,1.0,17/60,22.99%,PRKCB;GNAI3;RGS2;PRKAR1A;ARRB2;ATP2B1;GNB4;GNAI2;YWHAB;GRK6;ADCY7;GNB2;GNAQ;ANXA6;PRKACA;PRKAR2A;ITPR2
prerank,Exercise Induced Circadian Regulation WP410,-0.23416944397688047,-0.7145612171779514,0.9044585987261147,0.9884208666449821,1.0,19/35,34.00%,SUMO1;HLA-DMA;GSTP1;SUMO3;PSMA4;PPP2CB;GSTM3;IDI1;CEBPB;UGP2;SF3A3;PIGF;CBX3;TAB2;PER2;G0S2;DNAJA1;HERPUD1;ETV6
prerank,Translation Factors WP107,0.22420819375937492,0.7035668054724408,0.9335863377609108,0.9476683192137267,1.0,4/40,7.25%,PABPC1;EEF2;EIF2B1;EIF4B
prerank,Apoptosis Related Network Due To Altered Notch3 In Ovarian Cancer WP2864,-0.21594268450108858,-0.6917754926021319,0.9483471074380165,1.0,1.0,14/43,26.03%,HSPA5;CDKN1A;ANXA5;IER3;NET1;IL7R;HSPD1;SERBP1;RNF7;NFKB1;JUND;HSPB1;TNFRSF10B;RIPK2
prerank,Angiogenesis WP1539,-0.26880514175092035,-0.6786959088569855,0.888,1.0,1.0,2/15,5.92%,SRC;MMP9
prerank,17P13 3 YWHAE Copy Number Variation WP5376,-0.25929914724304964,-0.677514740453595,0.896049896049896,0.993190115015958,1.0,5/17,18.94%,YWHAH;YWHAE;PPP2CA;DCTN3;DCTN6
prerank,Aryl Hydrocarbon Receptor Pathway WP2586,0.2241677240962518,0.6727034288365782,0.9398496240601504,0.9687772900232234,1.0,12/34,31.75%,CDKN1B;EP300;CD36;ARNT;RAF1;CYP1B1;GCLC;MAPK1;AIP;HSP90AA1;HPGDS;PTGS2
prerank,Vitamin B12 Metabolism WP1533,0.25190206312788677,0.6608093333487293,0.922077922077922,0.9728618305139081,1.0,4/18,19.50%,MTHFR;LDLR;ICAM1;SOD2
prerank,Autophagy WP4923,-0.2500459432071527,-0.6593384839956076,0.9342629482071713,0.9963617896199414,1.0,3/18,14.39%,MAP1LC3B;ATG5;ATG101
prerank,Sterol Regulatory Element Binding Proteins SREBP Signaling WP1982,0.2012240856684743,0.6515630517847417,0.9775051124744376,0.9746327274381423,1.0,17/45,34.21%,CREB1;SIRT1;SP1;LDLR;PIK3CA;AMFR;PRKACA;SEC24A;SEC31A;PRKAA1;SEC23A;RNF139;MBTPS1;GSK3A;PRKAG2;AKT1;PRKAG1
prerank,Neovascularisation Processes WP4331,0.24072276366995804,0.6454953886386603,0.9517102615694165,0.9742089697587365,1.0,2/22,7.52%,CXCL12;MAPK3
prerank,Ethanol Effects On Histone Modifications WP3996,0.22860249090641502,0.641047839117106,0.9399624765478424,0.9728300801637733,1.0,7/24,28.92%,MTHFR;HDAC7;HDAC5;ACSS2;EHMT2;HDAC4;ALDH1A2
prerank,Neural Crest Differentiation WP2064,-0.2177565634430433,-0.639445351590126,0.9447983014861996,0.9984685446721382,1.0,1/30,0.41%,ID1
prerank,Photodynamic Therapy Induced NF kB Survival Signaling WP3617,0.2314898668595618,0.6394056604495642,0.9499072356215214,0.9701750149005607,1.0,4/23,19.48%,TNFRSF1A;MMP2;IKBKB;ICAM1
prerank,7Q11 23 Copy Number Variation Syndrome WP4932,0.18481460531136362,0.6307368702833023,0.9961977186311787,0.9705408248662762,1.0,14/62,24.59%,CDKN1C;MAPK3;CTNNB1;FBLN2;BTK;CLTC;VAMP2;BECN1;SF3B1;FBN1;ELN;ULK1;GTF2I;BRD4
prerank,Hair Follicle Development Cytodifferentiation Part 3 Of 3 WP2840,-0.2213591429566743,-0.6282517008357391,0.9578947368421052,0.9945446537992189,1.0,7/28,19.45%,KRT19;PERP;RUNX3;GTPBP4;NOTCH1;MSX1;NFKB1
prerank,15Q11Q13 Copy Number Variation WP5407,-0.22037706876913774,-0.6192285050711869,0.9523809523809523,0.9893611340976832,1.0,6/23,21.94%,NSMCE3;TJP1;CALM1;GJA1;CDC42BPB;CANX
prerank,Ciliopathies WP4803,-0.1867551421202735,-0.5693220310132332,0.9851694915254238,0.9956871225351319,1.0,6/37,19.86%,TMEM107;TCTN3;OFD1;CENPF;CEP83;TMEM138
prerank,Glycogen Synthesis And Degradation WP500,-0.19681505766248367,-0.5313509223963889,0.987152034261242,0.9928918921927705,1.0,7/21,23.38%,PHKG2;PPP2CA;CALM1;HK2;PPP2CB;CALM2;PPP2R2A
prerank,Effect Of Progerin On Genes Involved In Hutchinson Gilford Progeria Syndrome WP4320,0.1949808338520151,0.5022054245463431,0.9961759082217974,0.9961083579094585,1.0,5/18,34.82%,CHD4;CHD3;MTA1;MTA2;INPP5K
